Name,Team,IP,WAR,war_per_200
Tarik Skubal,Detroit Tigers,184.1,6.4,6.952743074
Garrett Crochet,Boston Red Sox,174.2,5.1,5.855338691
Paul Skenes,Pittsburgh Pirates,180.1,5,5.55247085
Cole Ragans,Kansas City Royals,115.2,2.9,5.034722222
Logan Webb,San Francisco Giants,200,5,5
Yoshinobu Yamamoto,Los Angeles Dodgers,169,4.2,4.970414201
Griffin Jax,Tampa Bay Rays,65.2,1.6,4.90797546
Cristopher Sánchez,Philadelphia Phillies,178.2,4.3,4.826038159
Chase Burns,Cincinnati Reds,104.1,2.5,4.803073967
Chris Sale,Atlanta Braves,124.1,2.9,4.673650282
Hunter Greene,Cincinnati Reds,137,3.2,4.671532847
Mason Miller,San Diego Padres,61.1,1.4,4.582651391
Hunter Brown,Houston Astros,166.2,3.8,4.572803851
Jhoan Duran,Philadelphia Phillies,66,1.5,4.545454545
Kris Bubic,Kansas City Royals,107,2.4,4.485981308
Shane McClanahan,Tampa Bay Rays,112.1,2.5,4.460303301
Kyle Bradish,Baltimore Orioles,100,2.2,4.4
Dylan Cease,Toronto Blue Jays,164.2,3.6,4.384896468
Brandon Woodruff,Milwaukee Brewers,97.2,2.1,4.320987654
Max Fried,New York Yankees,172,3.7,4.302325581
Bryan Woo,Seattle Mariners,161.1,3.4,4.220980757
Zack Wheeler,Philadelphia Phillies,128.2,2.7,4.212168487
Blake Snell,Los Angeles Dodgers,106.1,2.2,4.147031103
Ranger Suarez,Boston Red Sox,155.2,3.2,4.12371134
Andrew Abbott,Cincinnati Reds,165.1,3.4,4.11871593
George Kirby,Seattle Mariners,147.2,3,4.076086957
Cade Smith,Cleveland Guardians,69.2,1.4,4.046242775
Jacob deGrom,Texas Rangers,144.2,2.9,4.022191401
Aroldis Chapman,Boston Red Sox,50,1,4
Grant Taylor,Chicago White Sox,55.2,1.1,3.985507246
Jesús Luzardo,Philadelphia Phillies,161,3.2,3.97515528
Pablo López,Minnesota Twins,141.1,2.8,3.968816442
Spencer Strider,Atlanta Braves,137.1,2.7,3.938730853
Joe Ryan,Minnesota Twins,154.2,3,3.891050584
Spencer Schwellenbach,Atlanta Braves,124.2,2.4,3.8647343
MacKenzie Gore,Texas Rangers,157,3,3.821656051
Hunter Harvey,Chicago Cubs,47.2,0.9,3.813559322
Sonny Gray,Boston Red Sox,152.2,2.9,3.810775296
Tyler Glasnow,Los Angeles Dodgers,105.1,2,3.805899144
Zebby Matthews,Minnesota Twins,111.2,2.1,3.776978417
Garrett Whitlock,Boston Red Sox,70.2,1.3,3.703703704
Emmet Sheehan,Los Angeles Dodgers,87.1,1.6,3.673938002
Emmanuel Clase,Cleveland Guardians,60.1,1.1,3.660565724
Logan Gilbert,Seattle Mariners,160.2,2.9,3.620474407
Kevin Gausman,Toronto Blue Jays,162,2.9,3.580246914
Aaron Nola,Philadelphia Phillies,140.1,2.5,3.568879372
Ryan Johnson,Los Angeles Angels,73.2,1.3,3.551912568
David Bednar,New York Yankees,62,1.1,3.548387097
Grayson Rodriguez,Los Angeles Angels,96.1,1.7,3.53798127
Justin Steele,Chicago Cubs,130.1,2.3,3.535741737
Luis Garcia,New York Yankees,74,1.3,3.513513514
Shohei Ohtani,Los Angeles Dodgers,80.1,1.4,3.495630462
Shane Bieber,Toronto Blue Jays,103.1,1.8,3.491755577
Framber Valdez,Detroit Tigers,173,3,3.468208092
Edwin Díaz,Los Angeles Dodgers,58.2,1,3.436426117
Trevor Rogers,Baltimore Orioles,130.2,2.2,3.379416283
Reese Olson,Detroit Tigers,107,1.8,3.364485981
Drew Rasmussen,Tampa Bay Rays,137.1,2.3,3.355215171
Corbin Burnes,Arizona Diamondbacks,155,2.6,3.35483871
Freddy Peralta,New York Mets,161,2.7,3.354037267
Tylor Megill,New York Mets,96,1.6,3.333333333
Braxton Ashcraft,Pittsburgh Pirates,108.1,1.8,3.330249769
Trey Yesavage,Toronto Blue Jays,108.2,1.8,3.327171904
Connelly Early,Boston Red Sox,109,1.8,3.302752294
Eury Pérez,Miami Marlins,109.2,1.8,3.296703297
David Festa,Minnesota Twins,91.2,1.5,3.289473684
Cam Schlittler,New York Yankees,128.1,2.1,3.278688525
Jeremiah Estrada,San Diego Padres,67.1,1.1,3.278688525
Jacob Misiorowski,Milwaukee Brewers,116.2,1.9,3.270223752
Jonah Tong,New York Mets,116.2,1.9,3.270223752
Pete Fairbanks,Miami Marlins,55.2,0.9,3.260869565
Carlos Rodón,New York Yankees,129.1,2.1,3.253292022
Jovani Morán,Boston Red Sox,43.2,0.7,3.240740741
José Soriano,Los Angeles Angels,142.1,2.3,3.237156932
Clay Holmes,New York Mets,136.1,2.2,3.232916973
Ben Brown,Chicago Cubs,99,1.6,3.232323232
Logan Henderson,Milwaukee Brewers,94,1.5,3.191489362
Jack Perkins,Arizona Diamondbacks,82.1,1.3,3.166869671
Nick Lodolo,Cincinnati Reds,133.2,2.1,3.153153153
Tanner Bibee,Cleveland Guardians,165,2.6,3.151515152
Jack Flaherty,Detroit Tigers,140.1,2.2,3.140613847
Roki Sasaki,Los Angeles Dodgers,89.2,1.4,3.139013453
Reynaldo López,Atlanta Braves,102,1.6,3.137254902
Bryan Abreu,Houston Astros,70.2,1.1,3.133903134
Gerrit Cole,New York Yankees,115,1.8,3.130434783
Sandy Alcantara,Miami Marlins,160.1,2.5,3.123048095
Payton Tolle,Boston Red Sox,103,1.6,3.106796117
José Alvarado,Philadelphia Phillies,45.1,0.7,3.10421286
Devin Williams,New York Mets,58,0.9,3.103448276
Bubba Chandler,Pittsburgh Pirates,129,2,3.100775194
Jon Gray,#N/A,84.2,1.3,3.087885986
Jack Leiter,Texas Rangers,149.1,2.3,3.085177733
Tatsuya Imai,Houston Astros,123.2,1.9,3.084415584
Braxton Garrett,Miami Marlins,91.1,1.4,3.073545554
Robert Gasser,Milwaukee Brewers,78.1,1.2,3.072983355
Adrian Morejon,San Diego Padres,65.2,1,3.067484663
Matt Strahm,Kansas City Royals,59,0.9,3.050847458
Kumar Rocker,Texas Rangers,72.2,1.1,3.047091413
Brady Singer,Cincinnati Reds,164.1,2.5,3.046922608
Michael King,San Diego Padres,118.2,1.8,3.045685279
A.J. Puk,Arizona Diamondbacks,59.1,0.9,3.045685279
Trevor Megill,Milwaukee Brewers,46,0.7,3.043478261
Nick Martinez,Tampa Bay Rays,138.2,2.1,3.039073806
Alex Cobb,#N/A,92.2,1.4,3.036876356
David Peterson,New York Mets,145.1,2.2,3.032391454
Michael Wacha,Kansas City Royals,145.1,2.2,3.032391454
Reid Detmers,Los Angeles Angels,112.2,1.7,3.03030303
Steven Matz,Tampa Bay Rays,66,1,3.03030303
Jacob Lopez,Athletics,106.1,1.6,3.01602262
Danny Coulombe,Boston Red Sox,40,0.6,3
Simeon Woods Richardson,Minnesota Twins,127.2,1.9,2.987421384
Chris Martin,Texas Rangers,40.2,0.6,2.985074627
Patrick Sandoval,Boston Red Sox,87.2,1.3,2.981651376
Taj Bradley,Minnesota Twins,148,2.2,2.972972973
Bailey Ober,Minnesota Twins,148.2,2.2,2.968960864
Louis Varland,Toronto Blue Jays,108.2,1.6,2.957486137
Clarke Schmidt,New York Yankees,88,1.3,2.954545455
Josh Hader,Houston Astros,54.2,0.8,2.95202952
Tanner Scott,Los Angeles Dodgers,61.2,0.9,2.941176471
Gage Jump,Athletics,109,1.6,2.935779817
Robby Snelling,Miami Marlins,123,1.8,2.926829268
Cristian Mena,Arizona Diamondbacks,89.1,1.3,2.918069585
Carmen Mlodzinski,Pittsburgh Pirates,103.1,1.5,2.909796314
Joey Cantillo,Cleveland Guardians,103.1,1.5,2.909796314
Matthew Boyd,Chicago Cubs,138,2,2.898550725
Drew Anderson,Detroit Tigers,132.1,1.9,2.87660863
Fernando Cruz,New York Yankees,49,0.7,2.857142857
Nathan Eovaldi,Texas Rangers,105.2,1.5,2.851711027
Mason Englert,Tampa Bay Rays,70.2,1,2.849002849
Brayan Bello,Boston Red Sox,162,2.3,2.839506173
Jeffrey Springs,Athletics,141.1,2,2.834868887
Dietrich Enns,Baltimore Orioles,113.2,1.6,2.826855124
Jordan Wicks,Chicago Cubs,85,1.2,2.823529412
Ethan Pecko,Houston Astros,92.1,1.3,2.823018458
Andrew Morris,Minnesota Twins,99.2,1.4,2.822580645
Gavin Williams,Cleveland Guardians,149.2,2.1,2.815013405
Matt Brash,Seattle Mariners,57,0.8,2.807017544
Rhett Lowder,Cincinnati Reds,107.2,1.5,2.798507463
Tanner Houck,Boston Red Sox,100.2,1.4,2.794411178
Cody Ponce,Toronto Blue Jays,129.1,1.8,2.788536019
Ryan Burr,Toronto Blue Jays,36.1,0.5,2.770083102
Will Vest,Detroit Tigers,65,0.9,2.769230769
Brandon Pfaadt,Arizona Diamondbacks,159.2,2.2,2.763819095
Bryce Miller,Seattle Mariners,123.1,1.7,2.761982128
Ty Johnson,Tampa Bay Rays,94.2,1.3,2.760084926
Ryan Helsley,Baltimore Orioles,58,0.8,2.75862069
Will Warren,New York Yankees,138,1.9,2.753623188
Clayton Kershaw,#N/A,109,1.5,2.752293578
Foster Griffin,Washington Nationals,87.2,1.2,2.752293578
AJ Smith-Shawver,Atlanta Braves,80.2,1.1,2.743142145
Brandon Sproat,Milwaukee Brewers,124,1.7,2.741935484
Mitch Keller,Pittsburgh Pirates,161,2.2,2.732919255
Luis Severino,Athletics,139.1,1.9,2.731847592
Sam Hentges,San Francisco Giants,44.1,0.6,2.721088435
Casey Mize,Detroit Tigers,125.1,1.7,2.717825739
Nick Pivetta,San Diego Padres,155,2.1,2.709677419
Sawyer Gipson-Long,Detroit Tigers,74.2,1,2.69541779
Félix Bautista,Baltimore Orioles,37.1,0.5,2.69541779
Shane Baz,Baltimore Orioles,141.1,1.9,2.693125443
Shane Smith,Chicago White Sox,141.2,1.9,2.69121813
Jared Jones,Pittsburgh Pirates,97.1,1.3,2.677651905
Mike Burrows,Houston Astros,112.2,1.5,2.673796791
Brant Hurter,Detroit Tigers,90.1,1.2,2.663706992
Joe Musgrove,San Diego Padres,90.2,1.2,2.66075388
Alex Vesia,Los Angeles Dodgers,60.2,0.8,2.657807309
Didier Fuentes,Atlanta Braves,91.2,1.2,2.631578947
Cody Bradford,Texas Rangers,76,1,2.631578947
Landen Roupp,San Francisco Giants,99.1,1.3,2.623612513
Janson Junk,Miami Marlins,122,1.6,2.62295082
Justin Hagenman,New York Mets,84.1,1.1,2.615933413
Brusdar Graterol,Los Angeles Dodgers,46.1,0.6,2.603036876
Jedixson Paez,Boston Red Sox,77.2,1,2.590673575
Cade Horton,Chicago Cubs,124.1,1.6,2.578565673
Andrés Muñoz,Seattle Mariners,62.1,0.8,2.576489533
Matthew Liberatore,St. Louis Cardinals,132,1.7,2.575757576
Cade Cavalli,Washington Nationals,101,1.3,2.574257426
Orion Kerkering,Philadelphia Phillies,62.2,0.8,2.572347267
Yusei Kikuchi,Los Angeles Angels,148.1,1.9,2.565833896
Cade Povich,Baltimore Orioles,125.2,1.6,2.555910543
Hunter Barco,Pittsburgh Pirates,86.2,1.1,2.552204176
Justin Wrobleski,Los Angeles Dodgers,110,1.4,2.545454545
Brandon Walter,Houston Astros,71,0.9,2.535211268
Tyler Mahle,San Francisco Giants,87.1,1.1,2.525832377
Max Scherzer,Toronto Blue Jays,95.1,1.2,2.523659306
Brian Van Belle,Tampa Bay Rays,103.1,1.3,2.521823472
Johan Oviedo,Boston Red Sox,95.2,1.2,2.521008403
Pierson Ohl,Colorado Rockies,95.2,1.2,2.521008403
Kodai Senga,New York Mets,127.1,1.6,2.517702596
Nolan McLean,New York Mets,144,1.8,2.5
Leandro Lopez,Texas Rangers,88,1.1,2.5
Jared Koenig,Milwaukee Brewers,72,0.9,2.5
Brent Headrick,New York Yankees,64,0.8,2.5
Ryan Pepiot,Tampa Bay Rays,144.1,1.8,2.498265094
Luis Morales,Athletics,120.1,1.5,2.497918401
Drew Rom,Milwaukee Brewers,72.2,0.9,2.493074792
Ryan Walker,San Francisco Giants,64.2,0.8,2.492211838
Camilo Doval,New York Yankees,64.2,0.8,2.492211838
Garrett Cleavinger,Tampa Bay Rays,56.2,0.7,2.491103203
Zack Littell,Washington Nationals,153.1,1.9,2.482037884
Shota Imanaga,Chicago Cubs,137,1.7,2.481751825
Mitch Bratt,Arizona Diamondbacks,113,1.4,2.477876106
Troy Melton,Detroit Tigers,105.1,1.3,2.473834443
Joe Boyle,Tampa Bay Rays,113.2,1.4,2.473498233
Michael McGreevy,St. Louis Cardinals,154,1.9,2.467532468
Merrill Kelly,Arizona Diamondbacks,154,1.9,2.467532468
Josh Winckowski,Toronto Blue Jays,81.2,1,2.463054187
Mick Abel,Minnesota Twins,122.1,1.5,2.457002457
Forrest Whitley,#N/A,57,0.7,2.456140351
Michael Grove,Tampa Bay Rays,57.2,0.7,2.447552448
Mason Montgomery,Pittsburgh Pirates,82.1,1,2.436053593
Ronny Henriquez,Miami Marlins,74.2,0.9,2.425876011
Ben Hess,New York Yankees,99,1.2,2.424242424
Graham Ashcraft,Cincinnati Reds,66,0.8,2.424242424
Robert Garcia,Texas Rangers,58.1,0.7,2.409638554
Yordanny Monegro,Boston Red Sox,75.2,0.9,2.393617021
Gavin Stone,Los Angeles Dodgers,92.2,1.1,2.386117137
John Holobetz,Boston Red Sox,109.2,1.3,2.380952381
Quinn Priester,Milwaukee Brewers,143,1.7,2.377622378
Kendry Rojas,Minnesota Twins,84.2,1,2.375296912
Luis Castillo,Seattle Mariners,160.2,1.9,2.372034956
Justin Martinez,Arizona Diamondbacks,59.1,0.7,2.368866328
Kyle Freeland,Colorado Rockies,135.2,1.6,2.366863905
Brendan Beck,New York Yankees,110.1,1.3,2.361489555
Coleman Crow,Milwaukee Brewers,85,1,2.352941176
Abner Uribe,Milwaukee Brewers,68,0.8,2.352941176
Chad Patrick,Milwaukee Brewers,136.1,1.6,2.351212344
Braxton Bragg,Baltimore Orioles,68.1,0.8,2.34948605
Blade Tidwell,San Francisco Giants,103.1,1.2,2.327837051
Edward Cabrera,Chicago Cubs,129.1,1.5,2.323780015
Ryan Weathers,New York Yankees,86.1,1,2.322880372
Stephen Kolek,Kansas City Royals,129.2,1.5,2.321981424
Kyle Harrison,Milwaukee Brewers,112,1.3,2.321428571
Zach Eflin,Baltimore Orioles,121,1.4,2.314049587
Ian Seymour,Tampa Bay Rays,121.1,1.4,2.312138728
Lucas Braun,Atlanta Braves,130,1.5,2.307692308
Eduardo Rodriguez,Arizona Diamondbacks,130.2,1.5,2.304147465
K.C. Hunt,Tampa Bay Rays,104.2,1.2,2.303262956
Jose A. Ferrer,Seattle Mariners,70.2,0.8,2.279202279
Connor Prielipp,Minnesota Twins,79.1,0.9,2.275600506
Tekoah Roby,St. Louis Cardinals,79.1,0.9,2.275600506
Noah Cameron,Kansas City Royals,141.2,1.6,2.266288952
Dustin May,St. Louis Cardinals,115,1.3,2.260869565
Davis Martin,Chicago White Sox,124.1,1.4,2.256244964
Luis Perales,Washington Nationals,53.2,0.6,2.255639098
Evan Phillips,Los Angeles Dodgers,53.2,0.6,2.255639098
Jakob Junis,Texas Rangers,71,0.8,2.253521127
Will Dion,Cleveland Guardians,98,1.1,2.244897959
Bryce Elder,Atlanta Braves,152,1.7,2.236842105
Keaton Winn,San Francisco Giants,63,0.7,2.222222222
DL Hall,Milwaukee Brewers,63,0.7,2.222222222
Andre Pallante,St. Louis Cardinals,135.2,1.5,2.218934911
Christian Scott,New York Mets,63.2,0.7,2.215189873
Caleb Thielbar,Chicago Cubs,45.2,0.5,2.212389381
Ryan Weiss,Houston Astros,136,1.5,2.205882353
Andrew Painter,Philadelphia Phillies,109.2,1.2,2.197802198
José Suarez,Atlanta Braves,82.1,0.9,2.192448234
Chris Bassitt,Baltimore Orioles,155.1,1.7,2.192134107
Sammy Peralta,Colorado Rockies,73.1,0.8,2.18878249
Dennis Santana,Pittsburgh Pirates,64,0.7,2.1875
Nick Margevicius,San Francisco Giants,64.1,0.7,2.184087363
Jordan Montgomery,Texas Rangers,101,1.1,2.178217822
J.T. Ginn,Athletics,101,1.1,2.178217822
David Davalillo,Texas Rangers,101,1.1,2.178217822
Dean Kremer,Baltimore Orioles,147,1.6,2.176870748
Thomas White,Miami Marlins,101.1,1.1,2.176063304
Sean Manaea,New York Mets,101.2,1.1,2.173913043
Cristian Javier,Houston Astros,92.1,1,2.17155266
Tyson Hardin,Milwaukee Brewers,83.2,0.9,2.163461538
Jordan Hicks,Chicago Cubs,74,0.8,2.162162162
Brady Basso,Arizona Diamondbacks,74,0.8,2.162162162
Ryne Nelson,Arizona Diamondbacks,139.1,1.5,2.156721783
Tink Hence,St. Louis Cardinals,65.1,0.7,2.150537634
Luis Gil,New York Yankees,93.1,1,2.148227712
Jason Foley,San Francisco Giants,56,0.6,2.142857143
Carson Whisenhunt,San Francisco Giants,112.1,1.2,2.140945584
Tanner Gordon,Colorado Rockies,112.2,1.2,2.139037433
Mitchell Parker,Washington Nationals,141.2,1.5,2.124645892
Jack Dreyer,Los Angeles Dodgers,66.2,0.7,2.114803625
Raisel Iglesias,Atlanta Braves,57,0.6,2.105263158
Justin Wilson,#N/A,38,0.4,2.105263158
Daniel Palencia,Chicago Cubs,57.1,0.6,2.101576182
Brooks Raley,New York Mets,38.1,0.4,2.099737533
Parker Messick,Cleveland Guardians,124,1.3,2.096774194
Andrew Alvarez,Washington Nationals,124,1.3,2.096774194
Aaron Civale,Athletics,105.1,1.1,2.093244529
Chase Silseth,Los Angeles Angels,67,0.7,2.089552239
Angel Zerpa,Milwaukee Brewers,67.2,0.7,2.083333333
Tyler Wells,Baltimore Orioles,77,0.8,2.077922078
TJ Nichols,Tampa Bay Rays,106.1,1.1,2.073515551
Tyler Holton,Detroit Tigers,77.2,0.8,2.07253886
Joe Rock,Tampa Bay Rays,106.2,1.1,2.071563089
Lance McCullers Jr.,Houston Astros,68,0.7,2.058823529
Zac Gallen,Arizona Diamondbacks,175,1.8,2.057142857
Cole Sands,Minnesota Twins,68.2,0.7,2.052785924
Max Meyer,Miami Marlins,78.1,0.8,2.04865557
Elmer Rodríguez,New York Yankees,127,1.3,2.047244094
J.P. France,Houston Astros,78.2,0.8,2.046035806
Eric Lauer,Toronto Blue Jays,108.2,1.1,2.033271719
Clayton Beeter,Washington Nationals,69,0.7,2.028985507
Kyle Wright,Chicago Cubs,79,0.8,2.025316456
Joey Wentz,Atlanta Braves,89.1,0.9,2.02020202
Michael Forret,Tampa Bay Rays,89.2,0.9,2.01793722
Adam Mazur,Miami Marlins,119.2,1.2,2.013422819
Logan Allen,Cleveland Guardians,140,1.4,2
Yu Darvish,San Diego Padres,90,0.9,2
JT Brubaker,San Francisco Giants,70,0.7,2
Tyler Uberstine,Boston Red Sox,100.2,1,1.996007984
Allan Winans,#N/A,100.2,1,1.996007984
Caleb Boushley,#N/A,90.2,0.9,1.99556541
Joander Suarez,New York Mets,90.2,0.9,1.99556541
Zach Thornton,New York Mets,70.2,0.7,1.994301994
Cody Laweryson,Minnesota Twins,50.2,0.5,1.992031873
Chen Zhong-Ao Zhuang,Arizona Diamondbacks,121,1.2,1.983471074
Nestor Cortes,#N/A,101,1,1.98019802
Michael Soroka,Arizona Diamondbacks,91.2,0.9,1.973684211
Hunter Gaddis,Cleveland Guardians,81.1,0.8,1.972872996
Colton Gordon,Houston Astros,122,1.2,1.967213115
Scott Barlow,Arizona Diamondbacks,61,0.6,1.967213115
Justin Verlander,Detroit Tigers,132.2,1.3,1.966717095
Jeff Hoffman,Toronto Blue Jays,61.1,0.6,1.963993453
Ben Shields,Colorado Rockies,61.1,0.6,1.963993453
Carlos Rodriguez,Milwaukee Brewers,102.1,1,1.958863859
Ryan Gusto,Miami Marlins,102.2,1,1.956947162
George Klassen,Los Angeles Angels,102.2,1,1.956947162
DJ Herz,Washington Nationals,82,0.8,1.951219512
Aaron Ashby,Milwaukee Brewers,82.1,0.8,1.948842875
Paul Blackburn,New York Yankees,82.2,0.8,1.946472019
Dylan Floro,#N/A,41.2,0.4,1.941747573
Sauryn Lao,#N/A,72.2,0.7,1.939058172
Blake Money,Baltimore Orioles,104,1,1.923076923
Duncan Davitt,Chicago Cubs,125,1.2,1.92
Konner Eaton,Colorado Rockies,125,1.2,1.92
Kutter Crawford,Boston Red Sox,104.2,1,1.919385797
Darren McCaughan,Cincinnati Reds,104.2,1,1.919385797
Garrett McMillan,Pittsburgh Pirates,52.2,0.5,1.915708812
Jonathan Pintaro,New York Mets,73.2,0.7,1.912568306
Jhonathan Díaz,Seattle Mariners,115.1,1.1,1.911381407
Adrian Houser,San Francisco Giants,126,1.2,1.904761905
Brandon Young,Baltimore Orioles,84,0.8,1.904761905
Andrew Nardi,Miami Marlins,42,0.4,1.904761905
Robbie Ray,San Francisco Giants,147.1,1.4,1.903467029
Trey Gibson,Baltimore Orioles,105.1,1,1.902949572
Anthony Kay,Chicago White Sox,116.2,1.1,1.893287435
Sean Newcomb,Chicago Cubs,74.1,0.7,1.889338731
Luis Ortiz,Cleveland Guardians,106.1,1,1.885014138
Nathan Wiles,#N/A,96.1,0.9,1.873048907
Mason Barnett,Athletics,128.2,1.2,1.872074883
Martín Pérez,Atlanta Braves,107.1,1,1.867413632
Daniel Eagen,Arizona Diamondbacks,107.2,1,1.865671642
JR Ritchie,Atlanta Braves,118,1.1,1.86440678
Jesse Scholtens,Tampa Bay Rays,75.1,0.7,1.864181092
Connor Thomas,Atlanta Braves,86.2,0.8,1.856148492
Gordon Graceffo,St. Louis Cardinals,97.1,0.9,1.853759011
Jacob Waguespack,Milwaukee Brewers,54,0.5,1.851851852
Gregory Soto,Pittsburgh Pirates,54.1,0.5,1.848428835
Bailey Falter,Kansas City Royals,119.1,1.1,1.847187238
Brandon Eisert,Chicago Cubs,65,0.6,1.846153846
Zak Kent,Minnesota Twins,54.2,0.5,1.84501845
Hurston Waldrep,Atlanta Braves,130.2,1.2,1.843317972
Jhancarlos Lara,Atlanta Braves,76.1,0.7,1.839684625
Tucker Davidson,Philadelphia Phillies,77,0.7,1.818181818
Paxton Schultz,Washington Nationals,77.1,0.7,1.815823606
Tobias Myers,New York Mets,110.2,1,1.814882033
Luis Medina,Athletics,66.2,0.6,1.812688822
Robert Suarez,Atlanta Braves,55.2,0.5,1.811594203
Brock Stewart,Los Angeles Dodgers,33.2,0.3,1.807228916
Seth Lugo,Kansas City Royals,133.2,1.2,1.801801802
Doug Nikhazy,Chicago Cubs,89,0.8,1.797752809
Tyler Stuart,Washington Nationals,78,0.7,1.794871795
Daniel Espino,Cleveland Guardians,67,0.6,1.791044776
Sean Burke,Chicago White Sox,123.2,1.1,1.785714286
Jose Corniell,Texas Rangers,56,0.5,1.785714286
Steven Okert,Houston Astros,56,0.5,1.785714286
Tim Herrin,Cleveland Guardians,56.1,0.5,1.782531194
Brandon Leibrandt,Cincinnati Reds,56.1,0.5,1.782531194
Chris Paddack,Miami Marlins,124.2,1.1,1.771336554
Shelby Miller,Chicago Cubs,45.2,0.4,1.769911504
Griff McGarry,Los Angeles Dodgers,68,0.6,1.764705882
Kyle Hurt,Los Angeles Dodgers,68.1,0.6,1.762114537
Ryan Bergert,Kansas City Royals,102.2,0.9,1.761252446
Noah Schultz,Chicago White Sox,91,0.8,1.758241758
Jaron DeBerry,Milwaukee Brewers,91.2,0.8,1.754385965
Lucas Giolito,San Diego Padres,137.1,1.2,1.750547046
Nabil Crismatt,Texas Rangers,103,0.9,1.747572816
Slade Cecconi,Cleveland Guardians,126,1.1,1.746031746
Kohl Drake,Arizona Diamondbacks,80.2,0.7,1.74563591
Austin Peterson,Cleveland Guardians,126.1,1.1,1.744647105
Hayden Birdsong,San Francisco Giants,103.2,0.9,1.744186047
Jake Woodford,Milwaukee Brewers,92,0.8,1.739130435
Cooper Criswell,Seattle Mariners,92,0.8,1.739130435
James McArthur,Kansas City Royals,46,0.4,1.739130435
Ben Joyce,Los Angeles Angels,46.1,0.4,1.735357918
Luke Weaver,New York Mets,69.2,0.6,1.734104046
Carlos Lagrange,New York Yankees,104.1,0.9,1.729106628
Shawn Armstrong,Cleveland Guardians,58,0.5,1.724137931
Justin Sterner,Arizona Diamondbacks,58.2,0.5,1.718213058
Henry Baez,Arizona Diamondbacks,105,0.9,1.714285714
Blake Wehunt,Boston Red Sox,70,0.6,1.714285714
Jonathan Santucci,New York Mets,105.1,0.9,1.712654615
Juaron Watts-Brown,Baltimore Orioles,105.2,0.9,1.711026616
Edwin Uceta,Tampa Bay Rays,70.2,0.6,1.709401709
Gabriel Hughes,Colorado Rockies,94,0.8,1.70212766
Yoendrys Gómez,Tampa Bay Rays,94,0.8,1.70212766
Kevin Ginkel,Arizona Diamondbacks,47,0.4,1.70212766
Sean Guenther,Detroit Tigers,47,0.4,1.70212766
Bobby Miller,Los Angeles Dodgers,94.2,0.8,1.6985138
Bryan Baker,Tampa Bay Rays,59,0.5,1.694915254
Chase Petty,Cincinnati Reds,118.1,1,1.693480102
Jonathan Cannon,Chicago White Sox,130.1,1.1,1.691006918
Jhony Brito,San Diego Padres,71,0.6,1.690140845
Alex Faedo,#N/A,59.2,0.5,1.689189189
Caleb Kilian,San Francisco Giants,71.1,0.6,1.687763713
Tony Gonsolin,#N/A,71.2,0.6,1.685393258
Jack Anderson,Boston Red Sox,71.2,0.6,1.685393258
Ryan Feltner,Colorado Rockies,95,0.8,1.684210526
Tate Kuehner,Milwaukee Brewers,95.1,0.8,1.682439537
Chris Clarke,#N/A,60,0.5,1.666666667
Cody Poteet,#N/A,48,0.4,1.666666667
Justin Topa,Minnesota Twins,48,0.4,1.666666667
Jameson Taillon,Chicago Cubs,132.1,1.1,1.665404996
Chase Dollander,Colorado Rockies,108.1,0.9,1.665124884
Ryan Watson,Boston Red Sox,60.1,0.5,1.663893511
Adam Seminaris,Philadelphia Phillies,96.2,0.8,1.663201663
Aaron Bummer,Atlanta Braves,48.1,0.4,1.663201663
Antwone Kelly,Pittsburgh Pirates,97,0.8,1.649484536
Jarlin Susana,Washington Nationals,85,0.7,1.647058824
Dylan Dodd,Atlanta Braves,85.1,0.7,1.645123384
Drey Jameson,Arizona Diamondbacks,73,0.6,1.643835616
Kolby Allard,Cleveland Guardians,85.2,0.7,1.643192488
Jose Quintana,Colorado Rockies,122,1,1.639344262
Tanner Banks,Philadelphia Phillies,61,0.5,1.639344262
Braydon Fisher,Toronto Blue Jays,61,0.5,1.639344262
Dylan Lee,Atlanta Braves,61.1,0.5,1.636661211
Riley Gowens,Chicago Cubs,110.1,0.9,1.634877384
Mark Leiter Jr.,Arizona Diamondbacks,49.1,0.4,1.629327902
Avery Weems,#N/A,49.1,0.4,1.629327902
Seth Shuman,Washington Nationals,86,0.7,1.627906977
Sem Robberse,St. Louis Cardinals,86.1,0.7,1.62601626
Kyle Leahy,St. Louis Cardinals,86.2,0.7,1.62412993
Easton Lucas,#N/A,74,0.6,1.621621622
Steven Zobac,Kansas City Royals,74.1,0.6,1.619433198
Easton McGee,Milwaukee Brewers,62,0.5,1.612903226
Logan Workman,Tampa Bay Rays,124.1,1,1.611603546
Patrick Corbin,Toronto Blue Jays,124.2,1,1.610305958
Bruce Zimmermann,St. Louis Cardinals,112.2,0.9,1.604278075
Richard Fitts,St. Louis Cardinals,100,0.8,1.6
Randy Rodríguez,San Francisco Giants,50,0.4,1.6
Shane Drohan,Milwaukee Brewers,75.2,0.6,1.595744681
Erik Miller,San Francisco Giants,50.2,0.4,1.593625498
Dane Dunning,Seattle Mariners,101,0.8,1.584158416
Quinn Mathews,St. Louis Cardinals,101.1,0.8,1.582591494
Tanner McDougal,Chicago White Sox,101.1,0.8,1.582591494
Drew Thorpe,Chicago White Sox,76.2,0.6,1.57480315
Hagen Smith,Chicago White Sox,89.1,0.7,1.571268238
A.J. Minter,New York Mets,51,0.4,1.568627451
Ken Waldichuk,Washington Nationals,77.1,0.6,1.556420233
Khal Stephen,Cleveland Guardians,90.2,0.7,1.55210643
AJ Blubaugh,Houston Astros,116.1,0.9,1.550387597
Thomas Harrington,Pittsburgh Pirates,103.2,0.8,1.550387597
Andrew Hoffmann,Arizona Diamondbacks,78,0.6,1.538461538
Gabe Speier,Seattle Mariners,52,0.4,1.538461538
Matt Gage,San Francisco Giants,52,0.4,1.538461538
Dauri Moreta,#N/A,52,0.4,1.538461538
Carson Spiers,Cincinnati Reds,91.1,0.7,1.536772777
Mitch Spence,Kansas City Royals,117.2,0.9,1.535836177
Jack Wenninger,New York Mets,117.2,0.9,1.535836177
Ian Hamilton,Atlanta Braves,52.1,0.4,1.535508637
Hunter Dobbins,St. Louis Cardinals,78.2,0.6,1.534526854
Angel Bastardo,Boston Red Sox,78.2,0.6,1.534526854
Nick Dean,Chicago Cubs,65.2,0.5,1.533742331
Trevor Williams,Washington Nationals,65.2,0.5,1.533742331
Alex Lange,Kansas City Royals,39.2,0.3,1.530612245
Rob Zastryzny,Milwaukee Brewers,39.2,0.3,1.530612245
Mitch Farris,Los Angeles Angels,118.1,0.9,1.524132091
Patrick Monteverde,Miami Marlins,92,0.7,1.52173913
Roansy Contreras,#N/A,92,0.7,1.52173913
Adam Kloffenstein,New York Yankees,92.1,0.7,1.520086862
Jacob Latz,Texas Rangers,79.2,0.6,1.515151515
James Hicks,Houston Astros,66,0.5,1.515151515
Eduard Bazardo,Seattle Mariners,66,0.5,1.515151515
Ian Anderson,#N/A,66.1,0.5,1.512859304
Connor Noland,Chicago Cubs,119.2,0.9,1.510067114
Mike Vasil,Chicago Cubs,106.1,0.8,1.50801131
Charlie Barnes,Chicago Cubs,106.1,0.8,1.50801131
Micah Ashman,Baltimore Orioles,53.1,0.4,1.506591337
Matt Sauer,#N/A,93,0.7,1.505376344
Colin Rea,Chicago Cubs,133,1,1.503759398
Julian Fernández,Washington Nationals,53.2,0.4,1.503759398
Joel Kuhnel,Arizona Diamondbacks,53.2,0.4,1.503759398
Kyle Gibson,#N/A,120,0.9,1.5
Pedro Avila,Cleveland Guardians,80,0.6,1.5
Joe Mantiply,Toronto Blue Jays,40.1,0.3,1.496259352
Jake Bennett,Boston Red Sox,67,0.5,1.492537313
Alec Marsh,Kansas City Royals,94,0.7,1.489361702
Emerson Hancock,Seattle Mariners,121.1,0.9,1.486374897
Jackson Kent,Washington Nationals,108,0.8,1.481481481
Michael Fulmer,San Francisco Giants,54.1,0.4,1.478743068
Austin Bergner,Texas Rangers,81.2,0.6,1.477832512
Kevin Herget,New York Mets,54.2,0.4,1.47601476
Kyle Hendricks,#N/A,122,0.9,1.475409836
Landon Knack,Los Angeles Dodgers,122,0.9,1.475409836
Tyler Alexander,Texas Rangers,95.1,0.7,1.472134595
Taylor Rashi,Arizona Diamondbacks,68,0.5,1.470588235
Mason Black,Kansas City Royals,109,0.8,1.467889908
Ronel Blanco,Houston Astros,109.1,0.8,1.466544455
Brenan Hanifee,Detroit Tigers,68.2,0.5,1.46627566
Keider Montero,Detroit Tigers,123.1,0.9,1.462225833
Santiago Suarez,Tampa Bay Rays,82.1,0.6,1.461632156
Jake Eder,Los Angeles Dodgers,82.1,0.6,1.461632156
José Berríos,Toronto Blue Jays,123.2,0.9,1.461038961
Jordan Romano,Los Angeles Angels,41.1,0.3,1.459854015
Spencer Arrighetti,Houston Astros,96.2,0.7,1.455301455
Josh Stephan,Texas Rangers,96.2,0.7,1.455301455
Carl Edwards Jr.,New York Mets,55,0.4,1.454545455
Lucas Erceg,Kansas City Royals,55,0.4,1.454545455
Amos Willingham,Houston Astros,55.1,0.4,1.451905626
Bryan Hoeing,San Diego Padres,69,0.5,1.449275362
Alek Manoah,Los Angeles Angels,83,0.6,1.445783133
Winston Santos,Texas Rangers,83.1,0.6,1.444043321
Daniel Lynch IV,Kansas City Royals,97.2,0.7,1.440329218
Trenton Denholm,Cleveland Guardians,111.2,0.8,1.438848921
Wilber Dotel,Pittsburgh Pirates,111.2,0.8,1.438848921
Alex Pham,Baltimore Orioles,70,0.5,1.428571429
Jordan Leasure,Chicago Cubs,56,0.4,1.428571429
Bradgley Rodriguez,San Diego Padres,56,0.4,1.428571429
John Schreiber,Kansas City Royals,56,0.4,1.428571429
Alan Rangel,Philadelphia Phillies,112.1,0.8,1.427297056
Sean Boyle,San Diego Padres,112.2,0.8,1.426024955
Logan Evans,Seattle Mariners,112.2,0.8,1.426024955
Dylan Smith,San Francisco Giants,56.1,0.4,1.426024955
Seranthony Domínguez,Chicago Cubs,56.1,0.4,1.426024955
Garrett Hawkins,San Diego Padres,56.1,0.4,1.426024955
Ben Kudrna,Kansas City Royals,98.2,0.7,1.425661914
Sean Hjelle,#N/A,84.2,0.6,1.425178147
Gregory Santos,San Francisco Giants,42.1,0.3,1.425178147
Justin Slaten,Boston Red Sox,42.1,0.3,1.425178147
Emilio Pagán,Cincinnati Reds,56.2,0.4,1.423487544
Luke Little,Chicago Cubs,56.2,0.4,1.423487544
Grant Rogers,Toronto Blue Jays,127.2,0.9,1.41509434
Brad Lord,Washington Nationals,113.1,0.8,1.414677277
R.J. Gordon,New York Mets,113.1,0.8,1.414677277
McCade Brown,Colorado Rockies,85,0.6,1.411764706
Ty Madden,Detroit Tigers,85.1,0.6,1.410105758
Jake Bird,New York Yankees,71,0.5,1.408450704
Grant Holmes,Atlanta Braves,71.1,0.5,1.406469761
José Urquidy,Pittsburgh Pirates,71.2,0.5,1.404494382
Will Johnston,Arizona Diamondbacks,71.2,0.5,1.404494382
Tyler Kinley,Atlanta Braves,57,0.4,1.403508772
Austin Gomber,Texas Rangers,100,0.7,1.4
Connor McCullough,Chicago Cubs,57.2,0.4,1.398601399
Manuel Rodríguez,Tampa Bay Rays,43,0.3,1.395348837
Ricky Tiedemann,Toronto Blue Jays,43,0.3,1.395348837
Jackson Stephens,#N/A,43,0.3,1.395348837
Jack O'Loughlin,#N/A,72,0.5,1.388888889
Joey Gerber,New York Mets,43.2,0.3,1.388888889
Jesus Tinoco,Miami Marlins,43.2,0.3,1.388888889
C.J. Culpepper,Minnesota Twins,72.2,0.5,1.385041551
Zack Thompson,St. Louis Cardinals,72.2,0.5,1.385041551
Tomoyuki Sugano,Colorado Rockies,130.2,0.9,1.382488479
JoJo Romero,St. Louis Cardinals,58,0.4,1.379310345
Yaramil Hiraldo,Baltimore Orioles,58,0.4,1.379310345
Carlos Hernández,Cleveland Guardians,58,0.4,1.379310345
David Sandlin,Chicago Cubs,87.1,0.6,1.377726751
Braden Nett,Athletics,87.1,0.6,1.377726751
Josh White,Miami Marlins,58.2,0.4,1.374570447
Josh Hartle,Cleveland Guardians,102,0.7,1.37254902
Jake Brooks,Colorado Rockies,102,0.7,1.37254902
Nestor German,Baltimore Orioles,102.1,0.7,1.371204701
Joey Estes,Arizona Diamondbacks,102.1,0.7,1.371204701
Zach Penrod,Washington Nationals,44,0.3,1.363636364
Kirby Yates,Los Angeles Angels,44.1,0.3,1.360544218
Joe Whitman,San Francisco Giants,103,0.7,1.359223301
Chris Campos,Los Angeles Dodgers,103.1,0.7,1.357904947
CJ Van Eyk,Toronto Blue Jays,103.1,0.7,1.357904947
Shane Murphy,Chicago Cubs,103.2,0.7,1.356589147
Kevin Kelly,Tampa Bay Rays,59,0.4,1.355932203
Emiliano Teodo,Texas Rangers,59.2,0.4,1.351351351
Domingo Robles,Arizona Diamondbacks,74.1,0.5,1.349527665
Lazaro Estrada,Toronto Blue Jays,89,0.6,1.348314607
Javier Assad,Chicago Cubs,104,0.7,1.346153846
Ryan Gallagher,Minnesota Twins,104,0.7,1.346153846
Gabe Mosser,Seattle Mariners,104,0.7,1.346153846
Michael Plassmeyer,Toronto Blue Jays,89.2,0.6,1.34529148
Cal Quantrill,Texas Rangers,119.1,0.8,1.3434089
Brycen Mautz,St. Louis Cardinals,105,0.7,1.333333333
Carson Seymour,San Francisco Giants,105.1,0.7,1.3320647
Adam Macko,Toronto Blue Jays,75.1,0.5,1.331557923
Felipe De La Cruz,New York Mets,75.1,0.5,1.331557923
Yennier Cano,Baltimore Orioles,60.1,0.4,1.331114809
Marcus Stroman,#N/A,90.2,0.6,1.33037694
Hunter Owen,Kansas City Royals,90.2,0.6,1.33037694
Huascar Brazobán,New York Mets,60.2,0.4,1.328903654
Bennett Sousa,Houston Astros,45.2,0.3,1.327433628
Kade Morris,Arizona Diamondbacks,136.1,0.9,1.322556943
Kyle Hart,San Diego Padres,106.1,0.7,1.319509896
Chris Murphy,Chicago Cubs,76.2,0.5,1.312335958
Andrew Heaney,#N/A,122.2,0.8,1.309328969
Mason Fluharty,Toronto Blue Jays,61.1,0.4,1.309328969
Hogan Harris,Arizona Diamondbacks,92,0.6,1.304347826
Shawn Dubin,#N/A,46,0.3,1.304347826
Hayden Wesneski,Houston Astros,77.1,0.5,1.297016861
Bryce Mayer,Houston Astros,77.1,0.5,1.297016861
Eduardo Rivera,Boston Red Sox,77.1,0.5,1.297016861
Jeff Criswell,Colorado Rockies,77.1,0.5,1.297016861
Jose Fleury,Houston Astros,77.1,0.5,1.297016861
Yorman Gómez,Cleveland Guardians,108,0.7,1.296296296
Will Sanders,Chicago Cubs,108.1,0.7,1.295097132
Wes Benjamin,#N/A,108.1,0.7,1.295097132
Kyle Tyler,#N/A,93,0.6,1.290322581
Robert Stephenson,Los Angeles Angels,31,0.2,1.290322581
River Ryan,Los Angeles Dodgers,62.1,0.4,1.288244767
Eric Orze,Minnesota Twins,62.1,0.4,1.288244767
Peyton Gray,Texas Rangers,62.2,0.4,1.286173633
Randy Vásquez,San Diego Padres,125,0.8,1.28
Chayce McDermott,Los Angeles Dodgers,78.2,0.5,1.278772379
John Klein,Minnesota Twins,94.1,0.6,1.275239107
Ixan Henderson,St. Louis Cardinals,110,0.7,1.272727273
Keegan Akin,Baltimore Orioles,63.2,0.4,1.265822785
Michael Lorenzen,Colorado Rockies,127.2,0.8,1.257861635
Jackson Wolf,San Diego Padres,112,0.7,1.25
Vince Velasquez,Chicago Cubs,64,0.4,1.25
Blake Treinen,Los Angeles Dodgers,32,0.2,1.25
Spencer Turnbull,#N/A,64.1,0.4,1.248049922
Drew Pomeranz,Los Angeles Angels,48.1,0.3,1.247401247
Pierce Johnson,Cincinnati Reds,48.1,0.3,1.247401247
Jonathan Bowlan,Philadelphia Phillies,80.2,0.5,1.246882793
Billy Corcoran,Arizona Diamondbacks,80.2,0.5,1.246882793
Kody Funderburk,Minnesota Twins,64.2,0.4,1.246105919
Jaden Hill,Colorado Rockies,48.2,0.3,1.244813278
Luis García,Minnesota Twins,48.2,0.3,1.244813278
Trevor McDonald,San Francisco Giants,129.2,0.8,1.238390093
Chandler Champlain,Washington Nationals,113.1,0.7,1.237842617
Travis Adams,Minnesota Twins,97,0.6,1.237113402
Sean Sullivan,Colorado Rockies,97.1,0.6,1.235839341
Ben Casparius,Los Angeles Dodgers,81,0.5,1.234567901
Jared Shuster,St. Louis Cardinals,81,0.5,1.234567901
Brad Keller,Philadelphia Phillies,81,0.5,1.234567901
Luinder Avila,Kansas City Royals,81.1,0.5,1.233045623
Ricky Castro,Minnesota Twins,81.2,0.5,1.231527094
Anders Tolhurst,#N/A,65,0.4,1.230769231
Dax Fulton,Miami Marlins,98,0.6,1.224489796
Tyler Phillips,Miami Marlins,98.1,0.6,1.22324159
Brandon Williamson,Cincinnati Reds,82,0.5,1.219512195
Robinson Piña,#N/A,82,0.5,1.219512195
Tommy Nance,Toronto Blue Jays,49.2,0.3,1.219512195
Jordan Balazovic,#N/A,66.1,0.4,1.210287443
Ryan Lobus,Texas Rangers,66.2,0.4,1.208459215
Moisés Chace,Philadelphia Phillies,66.2,0.4,1.208459215
Dylan Ray,Arizona Diamondbacks,116,0.7,1.206896552
Michael Kopech,#N/A,83.1,0.5,1.203369434
Randy Dobnak,Seattle Mariners,100.1,0.6,1.198801199
Brett Sears,Atlanta Braves,100.2,0.6,1.19760479
Jason Adam,San Diego Padres,50.1,0.3,1.19760479
Caden Dana,Los Angeles Angels,117.1,0.7,1.195559351
Andrew Kittredge,Baltimore Orioles,50.2,0.3,1.195219124
Nick Mears,Kansas City Royals,50.2,0.3,1.195219124
Freddy Tarnok,#N/A,67.1,0.4,1.192250373
Ben Lively,Cleveland Guardians,84.2,0.5,1.187648456
Germán Márquez,San Diego Padres,118.2,0.7,1.184433164
Josh Trentadue,Texas Rangers,68,0.4,1.176470588
Hayden Mullins,Boston Red Sox,85.2,0.5,1.17370892
José De León,#N/A,68.2,0.4,1.173020528
Will Watson,New York Mets,103,0.6,1.165048544
Thomas Hatch,Arizona Diamondbacks,103.2,0.6,1.162790698
Blake Adams,Colorado Rockies,86.1,0.5,1.161440186
Levi Wells,Baltimore Orioles,86.2,0.5,1.160092807
Garrett Burhenn,Detroit Tigers,104.1,0.6,1.152737752
Yu-Min Lin,Arizona Diamondbacks,104.1,0.6,1.152737752
Steven Cruz,Kansas City Royals,52.1,0.3,1.151631478
Anthony Nunez,Baltimore Orioles,52.1,0.3,1.151631478
Jose Franco,Cincinnati Reds,87,0.5,1.149425287
Brody Hopkins,Tampa Bay Rays,105,0.6,1.142857143
Jaxon Wiggins,Chicago Cubs,70,0.4,1.142857143
Robert Stock,New York Mets,70,0.4,1.142857143
Trenton Wallace,Toronto Blue Jays,70,0.4,1.142857143
Fernando Perez,Toronto Blue Jays,105.1,0.6,1.141769743
Ryan Yarbrough,New York Yankees,70.2,0.4,1.13960114
Adam Laskey,Colorado Rockies,70.2,0.4,1.13960114
José Quijada,#N/A,35.1,0.2,1.13960114
Luis De León,Baltimore Orioles,88,0.5,1.136363636
Josh Sborz,Texas Rangers,35.2,0.2,1.136363636
Matt Waldron,San Diego Padres,106,0.6,1.132075472
Yerry De los Santos,New York Yankees,53.1,0.3,1.129943503
Grant Wolfram,Baltimore Orioles,53.2,0.3,1.127819549
Rodney Boone,Cleveland Guardians,71,0.4,1.126760563
Cory Abbott,#N/A,71.2,0.4,1.123595506
Garrett Stallings,Milwaukee Brewers,89.1,0.5,1.122334456
Landon Harper,Atlanta Braves,89.1,0.5,1.122334456
Blake Beers,Arizona Diamondbacks,89.1,0.5,1.122334456
Ty Cummings,Seattle Mariners,107.2,0.6,1.119402985
Reid VanScoter,Seattle Mariners,90,0.5,1.111111111
Prelander Berroa,Chicago Cubs,54,0.3,1.111111111
Ryan Brasier,Texas Rangers,36,0.2,1.111111111
Tyler Anderson,Los Angeles Angels,126.1,0.7,1.110229976
Trystan Vrieling,San Francisco Giants,90.2,0.5,1.10864745
Dedniel Núñez,New York Mets,36.2,0.2,1.104972376
Wilking Rodríguez,#N/A,18.1,0.1,1.104972376
Jacob Miller,Miami Marlins,109,0.6,1.100917431
Ian Mejia,Atlanta Braves,109.1,0.6,1.099908341
Osvaldo Bido,Chicago Cubs,91.2,0.5,1.096491228
Julian Aguiar,Cincinnati Reds,91.2,0.5,1.096491228
Yariel Rodríguez,Toronto Blue Jays,73,0.4,1.095890411
Dallas Keuchel,#N/A,55,0.3,1.090909091
Cameron Foster,Baltimore Orioles,55.2,0.3,1.086956522
Anthony Banda,Minnesota Twins,55.2,0.3,1.086956522
Caleb Ferguson,Cincinnati Reds,55.2,0.3,1.086956522
Lyon Richardson,Cincinnati Reds,74,0.4,1.081081081
Paul Sewald,Arizona Diamondbacks,37,0.2,1.081081081
Tyler Samaniego,Boston Red Sox,37,0.2,1.081081081
Nic Enright,Toronto Blue Jays,37.1,0.2,1.078167116
Luis Gastelum,St. Louis Cardinals,56.2,0.3,1.067615658
Ty Blach,Chicago Cubs,76,0.4,1.052631579
Tyler Gilbert,Chicago Cubs,57,0.3,1.052631579
José Fermin,Los Angeles Angels,57.1,0.3,1.050788091
Nick Raquet,Baltimore Orioles,57.1,0.3,1.050788091
Sean Sullivan,Colorado Rockies,76.2,0.4,1.049868766
Bowden Francis,Toronto Blue Jays,76.2,0.4,1.049868766
Reed Garrett,New York Mets,38.1,0.2,1.049868766
Joe Jiménez,Atlanta Braves,38.1,0.2,1.049868766
Cameron Weston,Baltimore Orioles,115,0.6,1.043478261
Valente Bellozo,Colorado Rockies,96,0.5,1.041666667
Tyler Schweitzer,Chicago Cubs,96.2,0.5,1.03950104
Nick Dombkowski,Pittsburgh Pirates,77.1,0.4,1.037613489
Beau Brieske,Detroit Tigers,58,0.3,1.034482759
David Buchanan,#N/A,97,0.5,1.030927835
Eiberson Castellano,Colorado Rockies,58.2,0.3,1.030927835
Ryan Fernandez,St. Louis Cardinals,58.2,0.3,1.030927835
Kenta Maeda,#N/A,97.1,0.5,1.029866117
Chase Solesky,Tampa Bay Rays,97.2,0.5,1.028806584
Connor Phillips,Cincinnati Reds,78,0.4,1.025641026
Jonathan Loáisiga,Arizona Diamondbacks,39.1,0.2,1.023017903
Carter Baumler,Texas Rangers,39.1,0.2,1.023017903
Yimi García,Toronto Blue Jays,39.2,0.2,1.020408163
Trey Supak,Texas Rangers,98.1,0.5,1.019367992
Chuck King,Philadelphia Phillies,98.2,0.5,1.018329939
Luke Russo,Philadelphia Phillies,59,0.3,1.016949153
PJ Poulin,Washington Nationals,59.1,0.3,1.015228426
Isaac Mattson,Pittsburgh Pirates,59.2,0.3,1.013513514
Connor Seabold,Detroit Tigers,79.1,0.4,1.011378003
Pete Hansen,St. Louis Cardinals,119,0.6,1.008403361
Miguel Ullola,Houston Astros,99.2,0.5,1.008064516
Tristan Beck,San Francisco Giants,80,0.4,1
Chase Lee,Toronto Blue Jays,60,0.3,1
Brock Burke,Cincinnati Reds,60,0.3,1
Bryan King,Houston Astros,60,0.3,1
Greg Weissert,Boston Red Sox,60,0.3,1
Anthony Molina,Atlanta Braves,100.1,0.5,0.999000999
Christian MacLeod,#N/A,80.1,0.4,0.998751561
Max Kranick,#N/A,40.1,0.2,0.997506234
Jalen Beeks,Texas Rangers,60.2,0.3,0.996677741
Trent Sellers,New York Yankees,81.1,0.4,0.986436498
Walker Powell,#N/A,61,0.3,0.983606557
Griffin Canning,San Diego Padres,102,0.5,0.980392157
Porter Hodge,Chicago Cubs,61.2,0.3,0.980392157
Ian Gibaut,#N/A,41,0.2,0.975609756
Franco Aleman,Cleveland Guardians,41,0.2,0.975609756
Aaron Wilkerson,#N/A,123.2,0.6,0.974025974
Mitch Myers,Arizona Diamondbacks,82.2,0.4,0.97323601
JP Sears,San Diego Padres,144.1,0.7,0.971547536
Davis Daniel,Cincinnati Reds,103,0.5,0.970873786
Ryan Webb,Cleveland Guardians,103,0.5,0.970873786
Josh Maciejewski,#N/A,62,0.3,0.967741935
Bryan Mata,#N/A,62,0.3,0.967741935
Brendon Little,Toronto Blue Jays,62.1,0.3,0.966183575
Erick Fedde,Chicago White Sox,125,0.6,0.96
Jack Kochanowicz,Los Angeles Angels,125.2,0.6,0.958466454
Max Alba,Detroit Tigers,84,0.4,0.952380952
Andry Lara,Washington Nationals,84,0.4,0.952380952
Sam Moll,Cincinnati Reds,42,0.2,0.952380952
Walker Buehler,San Diego Padres,106.1,0.5,0.942507069
Cole Wilcox,Seattle Mariners,85,0.4,0.941176471
Tony Santillan,Cincinnati Reds,64.1,0.3,0.936037441
Miles Mikolas,Washington Nationals,129,0.6,0.930232558
Rafael Sanchez,Toronto Blue Jays,86,0.4,0.930232558
James Gonzalez,Arizona Diamondbacks,86.1,0.4,0.929152149
Kai-Wei Teng,Houston Astros,86.1,0.4,0.929152149
Brandon Waddell,New York Mets,86.2,0.4,0.928074246
Ricky Vanasco,Detroit Tigers,43.2,0.2,0.925925926
Zach Thompson,#N/A,65.1,0.3,0.921658986
Tyler Rogers,Toronto Blue Jays,65.2,0.3,0.920245399
Jack Cushing,#N/A,87,0.4,0.91954023
Dom Hamel,New York Yankees,87.1,0.4,0.918484501
Trent Baker,Minnesota Twins,88,0.4,0.909090909
Nick Zwack,San Francisco Giants,66,0.3,0.909090909
Erik Sabrowski,Cleveland Guardians,44,0.2,0.909090909
TJ Shook,Colorado Rockies,66.1,0.3,0.907715582
Randy Wynne,#N/A,66.1,0.3,0.907715582
Jaden Hamm,Detroit Tigers,88.2,0.4,0.907029478
Cole Sulser,Tampa Bay Rays,44.1,0.2,0.907029478
Cam Booser,Tampa Bay Rays,44.2,0.2,0.904977376
Liam Hendriks,#N/A,22.1,0.1,0.904977376
Spencer Miles,Toronto Blue Jays,22.2,0.1,0.900900901
Peter Solomon,#N/A,67,0.3,0.895522388
Jared Lyons,Cincinnati Reds,67.2,0.3,0.892857143
Rorik Maltrud,Cleveland Guardians,67.2,0.3,0.892857143
Jackson Rutledge,Washington Nationals,90.1,0.4,0.887902331
Edgardo Henriquez,Los Angeles Dodgers,45.2,0.2,0.884955752
Jake Bloss,Toronto Blue Jays,68.1,0.3,0.881057269
José Buttó,San Francisco Giants,68.2,0.3,0.879765396
Carson Fulmer,Pittsburgh Pirates,68.2,0.3,0.879765396
Jose Gonzalez,Los Angeles Angels,91.1,0.4,0.878155873
Codi Heuer,Cleveland Guardians,46,0.2,0.869565217
Elvis Peguero,Baltimore Orioles,46,0.2,0.869565217
Anthony Bender,Miami Marlins,46,0.2,0.869565217
Lucas Gordon,Chicago Cubs,92.2,0.4,0.867678959
Antonio Santos,#N/A,69.2,0.3,0.867052023
Richard Lovelady,Washington Nationals,46.2,0.2,0.865800866
Josh Staumont,Cincinnati Reds,23.1,0.1,0.865800866
Marco Raya,Minnesota Twins,93,0.4,0.860215054
Bryce Jarvis,Arizona Diamondbacks,93,0.4,0.860215054
Lael Lockhart,Detroit Tigers,93.2,0.4,0.858369099
Derek Diamond,Pittsburgh Pirates,70.1,0.3,0.855920114
Hunter Patteson,Kansas City Royals,94,0.4,0.85106383
Colin Holderman,Cleveland Guardians,47,0.2,0.85106383
Carlos Peña,Detroit Tigers,94.2,0.4,0.8492569
Mike Clevinger,Pittsburgh Pirates,94.2,0.4,0.8492569
Brennan Bernardino,Colorado Rockies,47.1,0.2,0.8492569
Hayden Harris,Atlanta Braves,47.1,0.2,0.8492569
Fraser Ellard,#N/A,47.2,0.2,0.847457627
Austin Pope,Atlanta Braves,47.2,0.2,0.847457627
Adam Ottavino,#N/A,47.2,0.2,0.847457627
Jackson Ferris,Los Angeles Dodgers,118.1,0.5,0.846740051
T.J. Sikkema,Boston Red Sox,71,0.3,0.845070423
Matt Svanson,St. Louis Cardinals,71.2,0.3,0.842696629
Andrew Sears,Detroit Tigers,95.1,0.4,0.841219769
Kyle Luckham,Washington Nationals,119.1,0.5,0.839630563
Jose Acuna,Cincinnati Reds,72,0.3,0.833333333
Sam Bachman,Los Angeles Angels,48,0.2,0.833333333
Owen Wild,Tampa Bay Rays,96.1,0.4,0.832466181
Jack Mahoney,Colorado Rockies,96.2,0.4,0.831600832
Ryne Stanek,St. Louis Cardinals,48.1,0.2,0.831600832
Ky Bush,Chicago Cubs,72.2,0.3,0.831024931
Hancel Rincon,St. Louis Cardinals,97.2,0.4,0.823045267
Kyle Nicolas,Cincinnati Reds,73.2,0.3,0.819672131
Jake Miller,Detroit Tigers,49,0.2,0.816326531
Justin Lawrence,Pittsburgh Pirates,49.2,0.2,0.81300813
Kyle Funkhouser,#N/A,49.2,0.2,0.81300813
Matt Bowman,Minnesota Twins,49.2,0.2,0.81300813
Tommy Henry,Arizona Diamondbacks,99,0.4,0.808080808
Carson Palmquist,Colorado Rockies,99.1,0.4,0.807265388
Shintaro Fujinami,#N/A,50,0.2,0.8
Kyle Backhus,Philadelphia Phillies,50,0.2,0.8
Nico Tellache,Seattle Mariners,75.1,0.3,0.798934754
Thaddeus Ward,#N/A,100.2,0.4,0.798403194
Michael Knorr,Houston Astros,50.1,0.2,0.798403194
Spencer Giesting,Arizona Diamondbacks,126,0.5,0.793650794
Joey Lucchesi,Los Angeles Angels,76,0.3,0.789473684
Trevor Martin,Tampa Bay Rays,76.2,0.3,0.787401575
Adisyn Coffey,Chicago Cubs,51,0.2,0.784313725
Austin Warren,New York Mets,51.2,0.2,0.78125
Victor Mederos,Atlanta Braves,103.1,0.4,0.775945684
Jake Irvin,Washington Nationals,156.1,0.6,0.768737988
Casey Lawrence,Seattle Mariners,104.2,0.4,0.767754319
Joel Payamps,Atlanta Braves,52.1,0.2,0.767754319
Gus Varland,Washington Nationals,52.1,0.2,0.767754319
Tim Hill,New York Yankees,52.1,0.2,0.767754319
Brendan Girton,New York Mets,78.2,0.3,0.767263427
Blane Abeyta,Atlanta Braves,78.2,0.3,0.767263427
Alonzo Tredwell,Houston Astros,79.1,0.3,0.758533502
Riley Cornelio,Washington Nationals,106,0.4,0.754716981
Jose Espada,Baltimore Orioles,53,0.2,0.754716981
Kyle Finnegan,Detroit Tigers,53,0.2,0.754716981
John King,Miami Marlins,53,0.2,0.754716981
Kyle Carr,New York Yankees,106.1,0.4,0.754005655
Kyle Robinson,Arizona Diamondbacks,106.2,0.4,0.753295669
Beau Burrows,Pittsburgh Pirates,53.2,0.2,0.751879699
Tyson Guerrero,Kansas City Royals,81,0.3,0.740740741
Evan Sisk,Pittsburgh Pirates,54,0.2,0.740740741
Calvin Faucher,Miami Marlins,54,0.2,0.740740741
Jean Cabrera,Philadelphia Phillies,108.2,0.4,0.739371534
Jason Alexander,Houston Astros,109.2,0.4,0.732600733
Brock Selvidge,New York Yankees,82,0.3,0.731707317
Wyatt Crowell,Los Angeles Dodgers,82.1,0.3,0.730816078
Sam Carlson,Houston Astros,55.1,0.2,0.725952813
Yilber Díaz,Arizona Diamondbacks,83.2,0.3,0.721153846
Hoby Milner,Chicago Cubs,56,0.2,0.714285714
Joe Ross,Arizona Diamondbacks,56,0.2,0.714285714
Dylan DeLucia,Cleveland Guardians,84.1,0.3,0.713436385
Blake Walston,Arizona Diamondbacks,84.1,0.3,0.713436385
RJ Petit,Colorado Rockies,56.1,0.2,0.713012478
Zach McCambley,Miami Marlins,56.1,0.2,0.713012478
Trent Harris,San Francisco Giants,56.1,0.2,0.713012478
Phil Maton,Chicago Cubs,56.2,0.2,0.711743772
Evan McKendry,Miami Marlins,85.1,0.3,0.705052879
Taijuan Walker,#N/A,114,0.4,0.701754386
Carlos Estévez,Kansas City Royals,57,0.2,0.701754386
Hayden Juenger,Toronto Blue Jays,57,0.2,0.701754386
Victor Vodnik,Colorado Rockies,57,0.2,0.701754386
Wade Miley,#N/A,57.1,0.2,0.700525394
Anthony DeSclafani,#N/A,57.2,0.2,0.699300699
Dalton Rogers,Boston Red Sox,87,0.3,0.689655172
Casey Legumina,Tampa Bay Rays,58,0.2,0.689655172
Alex Cornwell,St. Louis Cardinals,87.1,0.3,0.688863375
David Morgan,San Diego Padres,58.1,0.2,0.688468158
Drew Sommers,Detroit Tigers,58.2,0.2,0.687285223
Josiah Gray,Washington Nationals,117.2,0.4,0.682593857
Dakota Hudson,#N/A,117.2,0.4,0.682593857
Derek Law,Arizona Diamondbacks,59,0.2,0.677966102
Charlie Morton,#N/A,120,0.4,0.666666667
Karson Milbrandt,Miami Marlins,90.1,0.3,0.665926748
John Michael Bertrand,San Francisco Giants,120.2,0.4,0.665557404
José Rodríguez,Los Angeles Dodgers,60.2,0.2,0.664451827
Yosver Zulueta,Seattle Mariners,60.2,0.2,0.664451827
Enyel De Los Santos,Houston Astros,60.2,0.2,0.664451827
Jack Choate,San Francisco Giants,91,0.3,0.659340659
Welinton Herrera,Colorado Rockies,61.2,0.2,0.653594771
Tyler Ferguson,Arizona Diamondbacks,61.2,0.2,0.653594771
Sam Aldegheri,Los Angeles Angels,123,0.4,0.650406504
Keegan Thompson,Colorado Rockies,62,0.2,0.64516129
Elvis Alvarado,Arizona Diamondbacks,62.1,0.2,0.644122383
Aaron Rozek,Minnesota Twins,93.2,0.3,0.643776824
Austin Love,St. Louis Cardinals,63.2,0.2,0.632911392
Peyton Pallette,Cleveland Guardians,63.2,0.2,0.632911392
Bryse Wilson,Philadelphia Phillies,95.1,0.3,0.630914826
Luis Palacios,Miami Marlins,95.2,0.3,0.630252101
Henry Williams,Kansas City Royals,96.1,0.3,0.624349636
Juan Mejia,Colorado Rockies,64.1,0.2,0.624024961
Mason Thompson,Texas Rangers,32.2,0.1,0.621118012
Jurrangelo Cijntje,St. Louis Cardinals,97.1,0.3,0.61791967
Jimmy Herget,Colorado Rockies,65.1,0.2,0.614439324
David Leal,#N/A,65.2,0.2,0.613496933
Scott Blewett,St. Louis Cardinals,66.2,0.2,0.604229607
Scott Alexander,San Francisco Giants,33.2,0.1,0.602409639
Trey Dombroski,Houston Astros,101.2,0.3,0.592885375
Pat Gallagher,Toronto Blue Jays,68,0.2,0.588235294
John Gant,#N/A,68,0.2,0.588235294
Marc Church,Texas Rangers,34,0.1,0.588235294
Curtis Taylor,#N/A,103,0.3,0.582524272
Sam Armstrong,Minnesota Twins,103.1,0.3,0.581959263
Antonio Senzatela,Colorado Rockies,103.2,0.3,0.581395349
Shaun Anderson,Los Angeles Angels,103.2,0.3,0.581395349
Alex Clemmey,Washington Nationals,103.2,0.3,0.581395349
Wil Jensen,#N/A,69,0.2,0.579710145
Alex Amalfi,Toronto Blue Jays,70,0.2,0.571428571
John Means,Kansas City Royals,35,0.1,0.571428571
Kodi Whitley,Tampa Bay Rays,35.1,0.1,0.56980057
Sean Reid-Foley,#N/A,35.1,0.1,0.56980057
Trey McLoughlin,Houston Astros,35.1,0.1,0.56980057
Adbert Alzolay,New York Mets,35.2,0.1,0.568181818
Kyle Brnovich,Philadelphia Phillies,71.1,0.2,0.562587904
Braeden Fausnaught,Philadelphia Phillies,71.2,0.2,0.561797753
Erick Leal,#N/A,107.1,0.3,0.56022409
Chase Chaney,New York Yankees,107.1,0.3,0.56022409
Ian Bedell,St. Louis Cardinals,72,0.2,0.555555556
Gunnar Hoglund,Athletics,72,0.2,0.555555556
Vinny Nittoli,#N/A,36,0.1,0.555555556
Zane Mills,Chicago Cubs,72.2,0.2,0.55401662
Brady Feigl,#N/A,36.1,0.1,0.55401662
Blake Weiman,Los Angeles Angels,36.1,0.1,0.55401662
Jonathan Heasley,Tampa Bay Rays,73,0.2,0.547945205
Nick Frasso,Los Angeles Dodgers,73.2,0.2,0.546448087
Carlos Carrasco,Atlanta Braves,110.1,0.3,0.544959128
Danny Young,Atlanta Braves,37,0.1,0.540540541
Kyle Amendt,Arizona Diamondbacks,37,0.1,0.540540541
Julian Merryweather,Minnesota Twins,37,0.1,0.540540541
Cole Winn,Texas Rangers,74.2,0.2,0.539083558
Tim Mayza,Philadelphia Phillies,37.1,0.1,0.539083558
Joan Adon,#N/A,75,0.2,0.533333333
Jairo Iriarte,Chicago Cubs,76.2,0.2,0.524934383
Mitch Neunborn,Philadelphia Phillies,76.2,0.2,0.524934383
Ryan Borucki,San Francisco Giants,38.1,0.1,0.524934383
Angel Felipe,#N/A,38.2,0.1,0.523560209
Alex Williams,Miami Marlins,78.1,0.2,0.512163892
Jackson Jobe,Detroit Tigers,78.1,0.2,0.512163892
John Brebbia,Minnesota Twins,39.1,0.1,0.511508951
Trevor Stephan,Cleveland Guardians,39.1,0.1,0.511508951
Walbert Urena,Los Angeles Angels,118,0.3,0.508474576
Jackson Nezuh,Houston Astros,79.2,0.2,0.505050505
Troy Watson,Detroit Tigers,79.2,0.2,0.505050505
Robert Dugger,#N/A,80,0.2,0.5
Jesse Chavez,#N/A,40,0.1,0.5
Colin Selby,Baltimore Orioles,40.1,0.1,0.498753117
Michael Kelly,Arizona Diamondbacks,40.2,0.1,0.497512438
Jake Palisch,Chicago Cubs,81,0.2,0.49382716
Owen White,#N/A,81,0.2,0.49382716
Alejandro Hidalgo,Minnesota Twins,81.2,0.2,0.492610837
Ryan Pressly,#N/A,41,0.1,0.487804878
Anthony Veneziano,#N/A,82.1,0.2,0.487210719
Jorge López,#N/A,41.1,0.1,0.486618005
Tanner Rainey,Detroit Tigers,41.1,0.1,0.486618005
Carson Ragsdale,#N/A,83,0.2,0.481927711
Bailey Dees,New York Yankees,83.2,0.2,0.480769231
Roque Gutierrez,Los Angeles Dodgers,83.2,0.2,0.480769231
Brandon Komar,#N/A,84,0.2,0.476190476
Luis Moreno,Miami Marlins,84.1,0.2,0.475624257
Grant Holman,Detroit Tigers,42.2,0.1,0.473933649
Roddery Muñoz,Houston Astros,85.2,0.2,0.469483568
Frankie Montas,#N/A,86,0.2,0.465116279
Raúl Alcantara,#N/A,86.1,0.2,0.464576074
Edgar Barclay,New York Yankees,86.2,0.2,0.464037123
Lou Trivino,Philadelphia Phillies,43.1,0.1,0.464037123
Hans Crouse,Baltimore Orioles,43.2,0.1,0.462962963
Michel Otañez,Texas Rangers,43.2,0.1,0.462962963
Wil Crowe,#N/A,43.2,0.1,0.462962963
Chris Devenski,Pittsburgh Pirates,44,0.1,0.454545455
David Robertson,#N/A,44.1,0.1,0.453514739
Ethan Roberts,Chicago Cubs,44.2,0.1,0.452488688
Albert Suárez,Baltimore Orioles,89.1,0.2,0.448933782
Parker Mushinski,Colorado Rockies,45,0.1,0.444444444
Trevor Kuncl,Cincinnati Reds,45,0.1,0.444444444
Alessandro Ercolani,Pittsburgh Pirates,90.2,0.2,0.44345898
Ryan Thompson,Arizona Diamondbacks,45.1,0.1,0.44345898
Taylor Rogers,Minnesota Twins,45.1,0.1,0.44345898
Drake Fellows,#N/A,91.2,0.2,0.438596491
Andrew Saalfrank,Arizona Diamondbacks,46,0.1,0.434782609
Joe Miller,Detroit Tigers,92.2,0.2,0.433839479
José Leclerc,San Diego Padres,46.2,0.1,0.432900433
Jonathan Hernández,Philadelphia Phillies,46.2,0.1,0.432900433
Ryan Ramsey,Kansas City Royals,93,0.2,0.430107527
Ryan Costeiu,Los Angeles Angels,93.2,0.2,0.429184549
Cionel Pérez,Washington Nationals,47,0.1,0.425531915
Nick Sandlin,Los Angeles Angels,47,0.1,0.425531915
Jack Dallas,Philadelphia Phillies,47,0.1,0.425531915
Zach Franklin,Chicago Cubs,47.1,0.1,0.42462845
Phil Bickford,#N/A,47.2,0.1,0.423728814
Kenley Jansen,Detroit Tigers,47.2,0.1,0.423728814
Chris Flexen,#N/A,95.2,0.2,0.420168067
Declan Cronin,Texas Rangers,48,0.1,0.416666667
Luke Murphy,Los Angeles Angels,48,0.1,0.416666667
Yunior Tur,Arizona Diamondbacks,97.2,0.2,0.411522634
Seth Martinez,Boston Red Sox,49.1,0.1,0.407331976
Joe Jacques,New York Mets,49.1,0.1,0.407331976
Jack Leftwich,Cleveland Guardians,49.2,0.1,0.406504065
Ryan Lambert,New York Mets,49.2,0.1,0.406504065
Geoff Hartlieb,Arizona Diamondbacks,50,0.1,0.4
Houston Harding,Los Angeles Angels,50,0.1,0.4
Cory Wall,Atlanta Braves,50.2,0.1,0.398406375
Justin Bruihl,St. Louis Cardinals,50.2,0.1,0.398406375
Reiss Knehr,Milwaukee Brewers,51,0.1,0.392156863
Garrett McDaniels,Los Angeles Dodgers,51.2,0.1,0.390625
Michael Morales,Seattle Mariners,103,0.2,0.388349515
John Rooney,Tampa Bay Rays,52,0.1,0.384615385
Bryan Hudson,Chicago Cubs,52,0.1,0.384615385
Hunter Stratton,Atlanta Braves,52.1,0.1,0.383877159
Walter Pennington,#N/A,52.2,0.1,0.383141762
Trevor Richards,Philadelphia Phillies,52.2,0.1,0.383141762
Rico Garcia,Baltimore Orioles,53,0.1,0.377358491
Po-Yu Chen,Pittsburgh Pirates,106.1,0.2,0.377002828
Craig Yoho,Milwaukee Brewers,53.1,0.1,0.376647834
Philip Abner,Arizona Diamondbacks,53.2,0.1,0.37593985
Brett Kerry,Los Angeles Angels,108,0.2,0.37037037
Jordan Geber,New York Mets,54.1,0.1,0.369685767
Nate Pearson,Houston Astros,54.1,0.1,0.369685767
Matt Pushard,St. Louis Cardinals,54.1,0.1,0.369685767
Peter Van Loon,#N/A,54.1,0.1,0.369685767
Matt Festa,Cleveland Guardians,54.2,0.1,0.36900369
Dylan Ross,New York Mets,55,0.1,0.363636364
JJ Goss,Arizona Diamondbacks,55,0.1,0.363636364
Riley O'Brien,St. Louis Cardinals,55.2,0.1,0.362318841
Yuki Matsui,San Diego Padres,56.1,0.1,0.356506239
Ron Marinaccio,San Diego Padres,56.1,0.1,0.356506239
Ben Peoples,Chicago Cubs,56.2,0.1,0.355871886
Reiver Sanmartin,San Francisco Giants,56.2,0.1,0.355871886
Will Klein,Los Angeles Dodgers,56.2,0.1,0.355871886
Max Rajcic,St. Louis Cardinals,113.1,0.2,0.353669319
Logan Gillaspie,San Diego Padres,57,0.1,0.350877193
Brent Suter,Los Angeles Angels,57,0.1,0.350877193
Austin Roberts,Texas Rangers,57.1,0.1,0.350262697
Andre Granillo,Washington Nationals,57.2,0.1,0.34965035
Wandy Peralta,San Diego Padres,58,0.1,0.344827586
Michael Darrell-Hicks,Pittsburgh Pirates,58.1,0.1,0.344234079
Roel Garcia III,Tampa Bay Rays,58.1,0.1,0.344234079
Jacob Webb,Chicago Cubs,58.1,0.1,0.344234079
Osvaldo Berrios,Boston Red Sox,58.2,0.1,0.343642612
Jimmy Endersby,#N/A,59.1,0.1,0.338409475
Connor Brogdon,Cleveland Guardians,59.2,0.1,0.337837838
Chase Shugart,Philadelphia Phillies,60.1,0.1,0.332778702
Nigel Belgrave,Miami Marlins,60.2,0.1,0.332225914
Dane Acker,Texas Rangers,60.2,0.1,0.332225914
Grant Anderson,Milwaukee Brewers,63,0.1,0.317460317
Lake Bachar,Miami Marlins,64.1,0.1,0.31201248
Elieser Hernández,Atlanta Braves,64.1,0.1,0.31201248
Shinnosuke Ogasawara,Washington Nationals,64.2,0.1,0.31152648
Kyle Virbitsky,#N/A,65,0.1,0.307692308
A.J. Causey,Arizona Diamondbacks,65,0.1,0.307692308
Jonatan Bernal,Arizona Diamondbacks,65.2,0.1,0.306748466
Garrett Davila,#N/A,67,0.1,0.298507463
Christian Roa,Minnesota Twins,68,0.1,0.294117647
Matt Manning,#N/A,70.2,0.1,0.284900285
Connor Schultz,Chicago Cubs,70.2,0.1,0.284900285
José Ureña,#N/A,70.2,0.1,0.284900285
Nick Sinacola,#N/A,70.2,0.1,0.284900285
Abdiel Mendoza,Seattle Mariners,71.2,0.1,0.280898876
Blake Townsend,Texas Rangers,72,0.1,0.277777778
Anthony Solometo,Pittsburgh Pirates,72.1,0.1,0.27739251
Tommy Vail,Chicago Cubs,72.2,0.1,0.27700831
Jackson Baumeister,Tampa Bay Rays,73,0.1,0.273972603
Peter Heubeck,Los Angeles Dodgers,73.1,0.1,0.273597811
Noah Davis,Pittsburgh Pirates,73.1,0.1,0.273597811
Cade Gibson,Miami Marlins,73.1,0.1,0.273597811
Isaac Coffey,Boston Red Sox,74.1,0.1,0.269905533
Josh Fleming,Toronto Blue Jays,74.1,0.1,0.269905533
Cory Lewis,Minnesota Twins,74.2,0.1,0.269541779
Adam Plutko,#N/A,76,0.1,0.263157895
Justin Jarvis,Los Angeles Dodgers,76.2,0.1,0.262467192
Xzavion Curry,#N/A,78,0.1,0.256410256
Victor Juarez,Colorado Rockies,80,0.1,0.25
Rich Hill,#N/A,80,0.1,0.25
Marcelo Perez,Seattle Mariners,80.1,0.1,0.24968789
Sam Benschoter,Cincinnati Reds,80.2,0.1,0.249376559
Andrew Quezada,#N/A,81.1,0.1,0.246609125
Gabriel Barbosa,Philadelphia Phillies,82.1,0.1,0.243605359
Aaron Brown,#N/A,82.2,0.1,0.243309002
Will Schomberg,Miami Marlins,83,0.1,0.240963855
Brandon Birdsell,Chicago Cubs,83.1,0.1,0.240673887
Blake Burkhalter,Atlanta Braves,84,0.1,0.238095238
Zach Messinger,New York Yankees,85.2,0.1,0.234741784
Shane Panzini,Kansas City Royals,86.1,0.1,0.232288037
Mike Paredes,Minnesota Twins,86.1,0.1,0.232288037
Drue Hackenberg,Atlanta Braves,87,0.1,0.229885057
Adrian Sampson,#N/A,87.1,0.1,0.229621125
Ben Anderson,Texas Rangers,91.1,0.1,0.219538968
Evan Fitterer,San Diego Padres,91.2,0.1,0.219298246
Avery Short,Arizona Diamondbacks,92.1,0.1,0.217155266
Estibenzon Jimenez,Philadelphia Phillies,96.1,0.1,0.208116545
Wilkel Hernandez,#N/A,96.2,0.1,0.207900208
Patrick Copen,Los Angeles Dodgers,98.1,0.1,0.203873598
Tyler Ivey,#N/A,98.2,0.1,0.203665988
Michael Prosecky,Colorado Rockies,100.2,0.1,0.199600798
Dylan File,Detroit Tigers,102.1,0.1,0.195886386
Eric Yost,San Diego Padres,107,0.1,0.186915888
Blas Castaño,Colorado Rockies,107,0.1,0.186915888
Bradley Blalock,Miami Marlins,110.1,0.1,0.181653043
Jose Cabrera,Arizona Diamondbacks,112,0.1,0.178571429
Aaron Davenport,Cleveland Guardians,112,0,0
Alexander Cornielle,New York Yankees,109.1,0,0
Mason Albright,Colorado Rockies,106.2,0,0
Seth Lonsway,San Francisco Giants,102.2,0,0
Karl Kauffmann,#N/A,95.1,0,0
Hyun-il Choi,#N/A,95,0,0
Jagger Haynes,San Diego Padres,94.1,0,0
Christian Romero,Los Angeles Dodgers,89.2,0,0
Connor Van Scoyoc,Washington Nationals,89.2,0,0
Chris Kachmar,#N/A,89,0,0
Manuel Urias,#N/A,88.1,0,0
Enmanuel Pinales,San Diego Padres,88,0,0
Braydon Tucker,Philadelphia Phillies,84.2,0,0
Grant Kipp,Chicago Cubs,84.1,0,0
Cade Winquest,St. Louis Cardinals,84.1,0,0
Trace Bright,Baltimore Orioles,81.1,0,0
Tyler Schlaffer,Chicago Cubs,78.1,0,0
Dustin Saenz,#N/A,78,0,0
Aaron Brooks,#N/A,78,0,0
Luke Fox,Los Angeles Dodgers,78,0,0
Miguel Cienfuegos,San Diego Padres,77,0,0
Austin Krob,#N/A,76.1,0,0
Dylan Cumming,Chicago Cubs,76,0,0
Alec Baker,Arizona Diamondbacks,76,0,0
Zach Plesac,#N/A,75.1,0,0
Mason Green,Colorado Rockies,75,0,0
Yoniel Curet,Detroit Tigers,75,0,0
Devin Smeltzer,#N/A,73.2,0,0
Andrew Bash,Minnesota Twins,72.2,0,0
Austin Cox,Atlanta Braves,71,0,0
Seth Johnson,Philadelphia Phillies,70.1,0,0
George Soriano,St. Louis Cardinals,70.1,0,0
Dominic Perachi,Pittsburgh Pirates,70,0,0
Nic Swanson,Houston Astros,69.1,0,0
Luis Vargas,Atlanta Braves,69.1,0,0
Brandyn Garcia,Arizona Diamondbacks,68.2,0,0
Touki Toussaint,#N/A,68.1,0,0
Chad Kuhl,#N/A,68,0,0
Jarret Whorff,Minnesota Twins,66.2,0,0
Wikelman González,Chicago Cubs,66.2,0,0
Sean Hunley,Detroit Tigers,66,0,0
Justin Meis,Pittsburgh Pirates,65.1,0,0
Garrett Schoenle,Chicago Cubs,64,0,0
Luke Albright,#N/A,64,0,0
Zach Fruit,Baltimore Orioles,63,0,0
Chris Roycroft,St. Louis Cardinals,62.1,0,0
Alimber Santa,Houston Astros,62,0,0
Davis Sharpe,Cleveland Guardians,62,0,0
Joseph Montalvo,Detroit Tigers,61.1,0,0
Daniel Missaki,Texas Rangers,60,0,0
Nick Davila,Seattle Mariners,59.2,0,0
Austin Kitchen,Seattle Mariners,59.2,0,0
Cesar Gomez,#N/A,59.1,0,0
Carson Skipper,Colorado Rockies,57.2,0,0
Andrew Magno,Baltimore Orioles,57.2,0,0
Yohan Ramírez,Pittsburgh Pirates,57.1,0,0
Zach Maxwell,Cincinnati Reds,56.2,0,0
Matt Krook,Arizona Diamondbacks,56.2,0,0
Max Lazar,Philadelphia Phillies,56.1,0,0
Camden Minacci,Los Angeles Angels,56.1,0,0
Zack Kelly,Boston Red Sox,56,0,0
Wilkin Ramos,San Francisco Giants,56,0,0
Corbin Martin,Chicago Cubs,55.2,0,0
Jared Karros,Los Angeles Dodgers,55.2,0,0
Houston Roth,Seattle Mariners,55.2,0,0
Luis Curvelo,Texas Rangers,55.1,0,0
Ryan Zeferjahn,Los Angeles Angels,55,0,0
Anderson Pilar,Atlanta Braves,55,0,0
Taylor Clarke,Arizona Diamondbacks,54.2,0,0
Joe Barlow,#N/A,54.2,0,0
Charlie Beilenson,Seattle Mariners,54.2,0,0
Brayan Castillo,Colorado Rockies,54.1,0,0
Ryan Jennings,Toronto Blue Jays,54,0,0
Cole Percival,Minnesota Twins,54,0,0
Eric Cerantola,Kansas City Royals,54,0,0
Jorge Alcala,Toronto Blue Jays,53.2,0,0
Harry Gustin,San Diego Padres,53,0,0
Antoine Kelly,Los Angeles Dodgers,52.2,0,0
Garrett Acton,Minnesota Twins,52.2,0,0
Bailey Horn,Detroit Tigers,52.2,0,0
Enoli Paredes,Baltimore Orioles,52.1,0,0
Jake Miller,Cleveland Guardians,52.1,0,0
Michael Tonkin,Minnesota Twins,52.1,0,0
Alec Gamboa,Boston Red Sox,52.1,0,0
Douglas Orellana,New York Mets,52,0,0
Jack Dashwood,Atlanta Braves,51.2,0,0
Collin Snider,Chicago Cubs,51.2,0,0
Ryan Murphy,St. Louis Cardinals,51.1,0,0
Diego Barrera,Arizona Diamondbacks,51,0,0
Jackson Kowar,Baltimore Orioles,50.2,0,0
Derrick Edington,Tampa Bay Rays,50,0,0
Hagen Danner,Cincinnati Reds,49.2,0,0
Nick Merkel,Milwaukee Brewers,49.2,0,0
Cruz Noriega,#N/A,49.2,0,0
Rafael Montero,New York Yankees,49.2,0,0
Morgan McSweeney,#N/A,49.1,0,0
Skylar Hales,St. Louis Cardinals,49.1,0,0
Tom Cosgrove,Houston Astros,48.2,0,0
José Ruiz,#N/A,48.2,0,0
Brandan Bidois,Pittsburgh Pirates,48.2,0,0
Jacob Watters,Tampa Bay Rays,48.1,0,0
Simon Miller,Cincinnati Reds,48.1,0,0
Scott McGough,#N/A,48.1,0,0
Angel Macuare,#N/A,48,0,0
Michael Petersen,Miami Marlins,48,0,0
Tommy McCollum,Tampa Bay Rays,47.2,0,0
Gerson Garabito,Milwaukee Brewers,47.2,0,0
Stephen Nogosek,#N/A,47.1,0,0
Ryan Brady,#N/A,47,0,0
Matt Jachec,Cleveland Guardians,46.1,0,0
Tyler Davis,Chicago Cubs,46.1,0,0
Wander Suero,Arizona Diamondbacks,46,0,0
Tayler Scott,Atlanta Braves,46,0,0
Edgar Sanchez,Arizona Diamondbacks,46,0,0
Kelly Austin,New York Yankees,45.2,0,0
Mason Erla,Los Angeles Angels,45.1,0,0
Jesús Liranzo,#N/A,45.1,0,0
Dillon Tate,#N/A,45,0,0
Trent Thornton,Chicago Cubs,45,0,0
Michael Arias,New York Yankees,45,0,0
Eli Morgan,Kansas City Royals,44.2,0,0
Erik Swanson,#N/A,44,0,0
Brooks Kriske,Arizona Diamondbacks,44,0,0
Nate Garkow,Toronto Blue Jays,43.2,0,0
Alex Santos II,Houston Astros,43.2,0,0
Ryan Jensen,Chicago Cubs,43.2,0,0
Andrew Walters,Cleveland Guardians,43.1,0,0
James Karinchak,Atlanta Braves,43,0,0
Kervin Castro,New York Yankees,42.2,0,0
Seth Halvorsen,Colorado Rockies,42.1,0,0
Josh Walker,Baltimore Orioles,42,0,0
José Castillo,#N/A,41.2,0,0
Andrew Chafin,Cincinnati Reds,41.2,0,0
Yondrei Rojas,Toronto Blue Jays,41.2,0,0
Scott Effross,Detroit Tigers,41.1,0,0
Bryan Magdaleno,Texas Rangers,41.1,0,0
Luis Frías,#N/A,41.1,0,0
Chris Stratton,#N/A,41,0,0
Jake McSteen,#N/A,40.1,0,0
Daniel Robert,Philadelphia Phillies,40.1,0,0
Brian Moran,#N/A,40,0,0
Richard Guasch,Baltimore Orioles,40,0,0
Raymond Burgos,#N/A,39.2,0,0
Chris Rodriguez,Chicago Cubs,39.1,0,0
Tanner Andrews,Toronto Blue Jays,38.2,0,0
Tim Naughton,Detroit Tigers,38,0,0
Will Brian,New York Yankees,37.2,0,0
Jake Cousins,Los Angeles Dodgers,37,0,0
Eric Pardinho,Toronto Blue Jays,37,0,0
Jacob Barnes,#N/A,36.2,0,0
Hunter Bigge,Tampa Bay Rays,36,0,0
Ty Adcock,San Diego Padres,35.2,0,0
Anthony Gose,#N/A,35.2,0,0
Alex Cook,Tampa Bay Rays,35.1,0,0
Nate Lavender,New York Mets,35,0,0
Andrew Misiaszek,#N/A,35,0,0
Brad Deppermann,San Francisco Giants,34.2,0,0
Jose E. Hernandez,#N/A,34.1,0,0
Blair Calvo,#N/A,34,0,0
Matt Foster,#N/A,33.2,0,0
Leon Hunter Jr.,#N/A,33.2,0,0
CD Pelham,Arizona Diamondbacks,33,0,0
Luis Patiño,#N/A,32,0,0
Trevor Gott,Washington Nationals,31.1,0,0
Tyler Bryant,Milwaukee Brewers,31,0,0
Lane Ramsey,#N/A,28.2,0,0
Patrick Murphy,Texas Rangers,28.1,0,0
Diego Castillo,#N/A,27,0,0
Bryce Montes de Oca,Washington Nationals,26,0,0
J.B. Wendelken,#N/A,26,0,0
Julian Garcia,Cincinnati Reds,24.2,0,0
Luis F. Castillo,#N/A,24.1,0,0
Keone Kela,#N/A,20.2,0,0
Tejay Antone,Cincinnati Reds,20.1,0,0
Chasen Shreve,#N/A,19.2,0,0
Roman Angelo,Arizona Diamondbacks,109.2,-0.1,-0.183150183
Kenny Serwa,Detroit Tigers,97.1,-0.1,-0.205973223
Kevin Abel,Cincinnati Reds,94.2,-0.1,-0.212314225
Bryce Conley,New York Mets,92,-0.1,-0.217391304
Joel Hurtado,Los Angeles Angels,89.2,-0.1,-0.224215247
Devereaux Harrison,Toronto Blue Jays,89.2,-0.1,-0.224215247
Brett Wichrowski,Milwaukee Brewers,88,-0.1,-0.227272727
Drew Parrish,#N/A,81.2,-0.1,-0.246305419
Casey Anderson,Arizona Diamondbacks,81.2,-0.1,-0.246305419
Connor Gillispie,Philadelphia Phillies,79,-0.1,-0.253164557
Omar Cruz,San Diego Padres,77.1,-0.1,-0.259403372
Ryan Watson,Toronto Blue Jays,75,-0.1,-0.266666667
Oscar Rayo,Kansas City Royals,73.1,-0.1,-0.273597811
Michael Cuevas,#N/A,72,-0.1,-0.277777778
Spencer Bivens,San Francisco Giants,71.1,-0.1,-0.281293952
Nick Krauth,Texas Rangers,69.1,-0.1,-0.289435601
Ryan Garcia,#N/A,68.1,-0.1,-0.293685756
Nate Peterson,Cincinnati Reds,67.1,-0.1,-0.298062593
Jayden Murray,Houston Astros,66.2,-0.1,-0.302114804
Angel Chivilli,New York Yankees,66.2,-0.1,-0.302114804
Junior Santos,#N/A,66,-0.1,-0.303030303
Carter Spivey,Cleveland Guardians,66,-0.1,-0.303030303
Emmanuel Chapman,Pittsburgh Pirates,65.1,-0.1,-0.307219662
Levi Stoudt,Philadelphia Phillies,65.1,-0.1,-0.307219662
Elvin Rodríguez,#N/A,62.2,-0.1,-0.321543408
Colin Peluse,Philadelphia Phillies,61.2,-0.1,-0.326797386
Garrett Hill,#N/A,60.2,-0.1,-0.332225914
Evan Gates,Philadelphia Phillies,59,-0.1,-0.338983051
Domingo Gonzalez,Seattle Mariners,58.1,-0.1,-0.344234079
Antonio Jimenez,#N/A,58.1,-0.1,-0.344234079
Jake Higginbotham,#N/A,57.1,-0.1,-0.350262697
Paul Gervase,Los Angeles Dodgers,57.1,-0.1,-0.350262697
Joe La Sorsa,Pittsburgh Pirates,57.1,-0.1,-0.350262697
Riley Martin,Chicago Cubs,57,-0.1,-0.350877193
Alek Jacob,San Diego Padres,57,-0.1,-0.350877193
Caleb Bolden,Boston Red Sox,56.1,-0.1,-0.356506239
Nolan Hoffman,Philadelphia Phillies,56,-0.1,-0.357142857
Nick Fraze,#N/A,56,-0.1,-0.357142857
Dalton Roach,#N/A,55.2,-0.1,-0.362318841
Ryan Loutos,Seattle Mariners,55.2,-0.1,-0.362318841
Will Childers,Milwaukee Brewers,55.1,-0.1,-0.362976407
Josh Ekness,Miami Marlins,54.2,-0.1,-0.36900369
Tanner Burns,Cleveland Guardians,54.2,-0.1,-0.36900369
Jack Little,Detroit Tigers,54.2,-0.1,-0.36900369
Kade Strowd,Arizona Diamondbacks,54.2,-0.1,-0.36900369
Ronan Kopp,Los Angeles Dodgers,54.2,-0.1,-0.36900369
Josh Simpson,Seattle Mariners,54.1,-0.1,-0.369685767
Cam Sanders,Pittsburgh Pirates,54,-0.1,-0.37037037
Patrick Halligan,Boston Red Sox,54,-0.1,-0.37037037
Anthony Maldonado,Houston Astros,53.2,-0.1,-0.37593985
Gabriel Yanez,#N/A,53.1,-0.1,-0.376647834
Steven Wilson,Tampa Bay Rays,53.1,-0.1,-0.376647834
John Stankiewicz,Detroit Tigers,52.1,-0.1,-0.383877159
Sam Long,Kansas City Royals,52.1,-0.1,-0.383877159
Manuel Castro,San Diego Padres,52,-0.1,-0.384615385
Matt Turner,New York Mets,51.2,-0.1,-0.390625
Stephen Jones,Miami Marlins,51.2,-0.1,-0.390625
Devin Sweet,Boston Red Sox,51.2,-0.1,-0.390625
Miguel Díaz,#N/A,51.1,-0.1,-0.391389432
Brian Fitzpatrick,Milwaukee Brewers,51.1,-0.1,-0.391389432
Joey Mancini,Houston Astros,102.2,-0.2,-0.391389432
Tyson Neighbors,Baltimore Orioles,51,-0.1,-0.392156863
Buck Farmer,#N/A,51,-0.1,-0.392156863
Dale Stanavich,#N/A,50.2,-0.1,-0.398406375
Saul Garcia,New York Mets,50.2,-0.1,-0.398406375
Danny Watson,New York Yankees,50.1,-0.1,-0.399201597
Eduarniel Núñez,Arizona Diamondbacks,50.1,-0.1,-0.399201597
Luis Contreras,#N/A,50.1,-0.1,-0.399201597
Brady Choban,Los Angeles Angels,50,-0.1,-0.4
Alexis Díaz,Texas Rangers,49.2,-0.1,-0.406504065
Robinson Ortiz,Seattle Mariners,49.1,-0.1,-0.407331976
Kenyon Yovan,Los Angeles Angels,49.1,-0.1,-0.407331976
Marques Johnson,San Francisco Giants,49.1,-0.1,-0.407331976
Jack Ralston,Miami Marlins,49,-0.1,-0.408163265
Peyton Alford,Seattle Mariners,48.2,-0.1,-0.414937759
Tommy Kahnle,Boston Red Sox,48.1,-0.1,-0.415800416
Ryan Miller,Colorado Rockies,48,-0.1,-0.416666667
Juan Morillo,Arizona Diamondbacks,47.1,-0.1,-0.42462845
Andrew Baker,Philadelphia Phillies,47.1,-0.1,-0.42462845
Ryan Boyer,#N/A,47.1,-0.1,-0.42462845
Nick Robertson,Los Angeles Dodgers,47.1,-0.1,-0.42462845
Anthony Simonelli,Kansas City Royals,47,-0.1,-0.425531915
Zach Brzykcy,Miami Marlins,46.2,-0.1,-0.432900433
Noah Murdock,Pittsburgh Pirates,46.2,-0.1,-0.432900433
Micah Dallas,Arizona Diamondbacks,46.1,-0.1,-0.433839479
A.J. Block,#N/A,46.1,-0.1,-0.433839479
Brendan White,Seattle Mariners,46,-0.1,-0.434782609
Noah Song,Boston Red Sox,46,-0.1,-0.434782609
Christian Montes De Oca,#N/A,45,-0.1,-0.444444444
Luke Jackson,New York Mets,45,-0.1,-0.444444444
Victor Lizarraga,San Diego Padres,89.2,-0.2,-0.448430493
Craig Kimbrel,New York Mets,44.2,-0.1,-0.452488688
Daysbel Hernández,Atlanta Braves,44.1,-0.1,-0.453514739
Magnus Ellerts,Cleveland Guardians,44.1,-0.1,-0.453514739
Carson Hobbs,Los Angeles Dodgers,44.1,-0.1,-0.453514739
Wyatt Mills,Los Angeles Dodgers,44.1,-0.1,-0.453514739
Zach Agnos,Colorado Rockies,44,-0.1,-0.454545455
Alex Carrillo,New York Mets,44,-0.1,-0.454545455
Blake Holub,Milwaukee Brewers,44,-0.1,-0.454545455
Jesse Bergin,Minnesota Twins,43.2,-0.1,-0.462962963
Keagan Gillies,Baltimore Orioles,43.2,-0.1,-0.462962963
Jason Blanchard,#N/A,43.2,-0.1,-0.462962963
Cody Bolton,Houston Astros,43.1,-0.1,-0.464037123
Ben Bowden,Arizona Diamondbacks,43.1,-0.1,-0.464037123
Yosber Sanchez,Detroit Tigers,43.1,-0.1,-0.464037123
Junior Fernández,Milwaukee Brewers,43.1,-0.1,-0.464037123
Harrison Cohen,New York Yankees,43,-0.1,-0.465116279
Eric Reyzelman,New York Yankees,43,-0.1,-0.465116279
Gerardo Carrillo,Arizona Diamondbacks,43,-0.1,-0.465116279
Gavin Hollowell,Chicago Cubs,42.2,-0.1,-0.473933649
Brandon Neeck,Pittsburgh Pirates,42.2,-0.1,-0.473933649
Jordan Mikel,#N/A,42.1,-0.1,-0.475059382
Tyler Zuber,Miami Marlins,42,-0.1,-0.476190476
Nick Anderson,Arizona Diamondbacks,41.1,-0.1,-0.486618005
Reidis Sena,Boston Red Sox,41,-0.1,-0.487804878
Grant Hartwig,Minnesota Twins,41,-0.1,-0.487804878
Zach Pop,Philadelphia Phillies,41,-0.1,-0.487804878
Jordan Marks,#N/A,41,-0.1,-0.487804878
Andrew Vasquez,#N/A,41,-0.1,-0.487804878
Triston McKenzie,San Diego Padres,81.1,-0.2,-0.493218249
Colby Martin,Miami Marlins,40.1,-0.1,-0.498753117
Miguel Mendez,San Diego Padres,80.1,-0.2,-0.49937578
Colin Poche,#N/A,40,-0.1,-0.5
Hobie Harris,Boston Red Sox,39.2,-0.1,-0.510204082
Nate Ackenhausen,Kansas City Royals,39.2,-0.1,-0.510204082
Nelson L. Alvarez,#N/A,39,-0.1,-0.512820513
Cameron Cotter,#N/A,39,-0.1,-0.512820513
Chad Green,#N/A,38.2,-0.1,-0.523560209
Austin Schulfer,Philadelphia Phillies,38.2,-0.1,-0.523560209
Anthony Misiewicz,Cincinnati Reds,38.1,-0.1,-0.524934383
Peter Strzelecki,Milwaukee Brewers,38.1,-0.1,-0.524934383
William Fleming,Minnesota Twins,76.2,-0.2,-0.524934383
Yunior Marte,Cincinnati Reds,38,-0.1,-0.526315789
Ray Gaither,#N/A,38,-0.1,-0.526315789
Nick Vespi,#N/A,38,-0.1,-0.526315789
Héctor Neris,#N/A,38,-0.1,-0.526315789
Tanner Kohlhepp,Detroit Tigers,38,-0.1,-0.526315789
Erik Tolman,Washington Nationals,75.1,-0.2,-0.532623169
Juan Mercedes,#N/A,75,-0.2,-0.533333333
Misael Tamarez,San Diego Padres,75,-0.2,-0.533333333
Jeremy Wu-Yelland,Boston Red Sox,37.1,-0.1,-0.539083558
Tyler Mattison,Detroit Tigers,37.1,-0.1,-0.539083558
Rhett Kouba,#N/A,74.2,-0.2,-0.539083558
Penn Murfee,#N/A,37,-0.1,-0.540540541
Sam McWilliams,#N/A,37,-0.1,-0.540540541
Orlando Ribalta,Washington Nationals,36.2,-0.1,-0.552486188
Jefry Yan,New York Mets,36,-0.1,-0.555555556
Drew Smith,Minnesota Twins,36,-0.1,-0.555555556
Konnor Pilkington,Detroit Tigers,71,-0.2,-0.563380282
Nick Burdi,New York Mets,35.2,-0.1,-0.568181818
Sean Poppen,#N/A,35.2,-0.1,-0.568181818
Kendall Graveman,#N/A,35.1,-0.1,-0.56980057
Tristan Garnett,Philadelphia Phillies,34.1,-0.1,-0.586510264
Brian Metoyer,New York Mets,34.1,-0.1,-0.586510264
Jaylen Nowlin,Minnesota Twins,68.1,-0.2,-0.587371512
Jacob Bosiokovic,#N/A,34,-0.1,-0.588235294
Danny Wirchansky,#N/A,68,-0.2,-0.588235294
Eduardo Salazar,Minnesota Twins,68,-0.2,-0.588235294
T.J. McFarland,#N/A,33.2,-0.1,-0.602409639
Patrick Weigel,Colorado Rockies,33.2,-0.1,-0.602409639
Tayler Saucedo,Los Angeles Angels,33.1,-0.1,-0.604229607
Albert Abreu,#N/A,33.1,-0.1,-0.604229607
Matt Cronin,#N/A,33,-0.1,-0.606060606
Michael Stryffeler,#N/A,33,-0.1,-0.606060606
Carlos Vargas,Seattle Mariners,65.1,-0.2,-0.614439324
Nick Mikolajchak,#N/A,32.1,-0.1,-0.62305296
Shane Rademacher,San Francisco Giants,96.2,-0.3,-0.623700624
Fernando Sanchez,San Diego Padres,64,-0.2,-0.625
Tyler Santana,Chicago Cubs,63.1,-0.2,-0.633914422
Miguel Castro,#N/A,31.1,-0.1,-0.643086817
Michael Dominguez,#N/A,62.2,-0.2,-0.643086817
Cooper Adams,Boston Red Sox,62.1,-0.2,-0.644122383
Evan Reifert,Tampa Bay Rays,31,-0.1,-0.64516129
Robinson Martínez,#N/A,31,-0.1,-0.64516129
Ryan Rolison,Chicago Cubs,61.2,-0.2,-0.653594771
Sam Ryan,Minnesota Twins,61.2,-0.2,-0.653594771
Nick Hull,Seattle Mariners,61.1,-0.2,-0.654664484
Nick Garcia,Seattle Mariners,61.1,-0.2,-0.654664484
Bobby Milacki,#N/A,61.1,-0.2,-0.654664484
Michael Mercado,Philadelphia Phillies,61,-0.2,-0.655737705
Johan Simon,Detroit Tigers,61,-0.2,-0.655737705
Ross Carver,#N/A,61,-0.2,-0.655737705
Ethan Bosacker,Kansas City Royals,90,-0.3,-0.666666667
Gavin Collyer,Texas Rangers,59.2,-0.2,-0.675675676
Wilmy Sanchez,New York Yankees,59.1,-0.2,-0.676818951
Oddanier Mosqueda,Pittsburgh Pirates,59.1,-0.2,-0.676818951
Daniel Lloyd,Baltimore Orioles,59.1,-0.2,-0.676818951
Yency Almonte,Los Angeles Dodgers,29.1,-0.1,-0.687285223
Jimmy Kingsbury,Seattle Mariners,58.2,-0.2,-0.687285223
Alex Hoppe,Seattle Mariners,58.1,-0.2,-0.688468158
Robby Ahlstrom,Texas Rangers,58,-0.2,-0.689655172
Kade Bragg,Miami Marlins,58,-0.2,-0.689655172
Orlando Ortiz-Mayr,Miami Marlins,87,-0.3,-0.689655172
Wilian Bormie,Texas Rangers,57,-0.2,-0.701754386
Frank Mozzicato,Kansas City Royals,85.1,-0.3,-0.705052879
Ike Buxton,#N/A,56.2,-0.2,-0.711743772
Rolddy Muñoz,Atlanta Braves,56.1,-0.2,-0.713012478
Carlos Duran,Los Angeles Dodgers,56,-0.2,-0.714285714
Valentin Linarez,Washington Nationals,56,-0.2,-0.714285714
Zach Peek,New York Mets,56,-0.2,-0.714285714
Isaiah Campbell,Arizona Diamondbacks,55.2,-0.2,-0.724637681
Jared Southard,Los Angeles Angels,55.1,-0.2,-0.725952813
Carlos Guzman,New York Mets,55,-0.2,-0.727272727
Ryan Cusick,Philadelphia Phillies,55,-0.2,-0.727272727
Raul Brito,Minnesota Twins,55,-0.2,-0.727272727
Joel Peguero,San Francisco Giants,55,-0.2,-0.727272727
Colten Brewer,#N/A,27.2,-0.1,-0.735294118
Trevin Michael,Detroit Tigers,54,-0.2,-0.740740741
Hunter Gregory,#N/A,54,-0.2,-0.740740741
Carlos Tavera,Baltimore Orioles,54,-0.2,-0.740740741
Ryan Long,Baltimore Orioles,81,-0.3,-0.740740741
Stevie Emanuels,Arizona Diamondbacks,53.1,-0.2,-0.753295669
Ricardo Velez,Texas Rangers,53.1,-0.2,-0.753295669
Austin Adams,#N/A,26.1,-0.1,-0.766283525
Jacob Webb,Boston Red Sox,52.1,-0.2,-0.767754319
John Curtiss,Arizona Diamondbacks,52.1,-0.2,-0.767754319
Luis Mey,Cincinnati Reds,52.1,-0.2,-0.767754319
Larson Kindreich,Texas Rangers,52.1,-0.2,-0.767754319
Bryce Osmond,Los Angeles Angels,52,-0.2,-0.769230769
Cy Nielson,Pittsburgh Pirates,52,-0.2,-0.769230769
Joel Valdez,#N/A,52,-0.2,-0.769230769
Troy Taylor,Seattle Mariners,51.2,-0.2,-0.78125
Austin Vernon,Tampa Bay Rays,51.1,-0.2,-0.782778865
Nick Morreale,#N/A,51,-0.2,-0.784313725
Michael Mariot,#N/A,76.1,-0.3,-0.788436268
Jerming Rosario,Los Angeles Dodgers,76,-0.3,-0.789473684
Brody Rodning,#N/A,25.1,-0.1,-0.796812749
Nick Hernandez,Arizona Diamondbacks,50.2,-0.2,-0.796812749
Tyson Miller,#N/A,50.2,-0.2,-0.796812749
Joey Danielson,Texas Rangers,50.1,-0.2,-0.798403194
Francis Peña,San Diego Padres,50.1,-0.2,-0.798403194
Jared Kelley,Chicago Cubs,50.1,-0.2,-0.798403194
Justin Dunn,#N/A,50.1,-0.2,-0.798403194
Erasmo Ramírez,#N/A,50.1,-0.2,-0.798403194
Matt Seelinger,Detroit Tigers,49.2,-0.2,-0.81300813
Bradley Hanner,New York Yankees,49,-0.2,-0.816326531
Jared Kollar,#N/A,98,-0.4,-0.816326531
Daison Acosta,San Diego Padres,48.2,-0.2,-0.829875519
Cole Henry,Washington Nationals,48.2,-0.2,-0.829875519
Nick Jones,Los Angeles Angels,48.1,-0.2,-0.831600832
Chay Yeager,Toronto Blue Jays,48,-0.2,-0.833333333
Evan Shawver,Colorado Rockies,48,-0.2,-0.833333333
Erian Rodriguez,Chicago Cubs,71,-0.3,-0.845070423
Logan Boyer,#N/A,47.1,-0.2,-0.8492569
Carter Rustad,Cleveland Guardians,47,-0.2,-0.85106383
Baron Stuart,New York Yankees,70.1,-0.3,-0.855920114
Jonathan Brand,Texas Rangers,46.2,-0.2,-0.865800866
Ryan Och,San Diego Padres,46.2,-0.2,-0.865800866
Zach Willeman,#N/A,46.2,-0.2,-0.865800866
Jake Walkinshaw,Miami Marlins,46.1,-0.2,-0.867678959
Justin Yeager,San Diego Padres,46.1,-0.2,-0.867678959
Darren Bowen,Minnesota Twins,69.1,-0.3,-0.868306802
Tyler Matzek,#N/A,23,-0.1,-0.869565217
Amilcar Chirinos,Houston Astros,45.2,-0.2,-0.884955752
Randy Labaut,#N/A,45.1,-0.2,-0.88691796
Ben Simon,New York Mets,45,-0.2,-0.888888889
Tyler Owens,Detroit Tigers,44.2,-0.2,-0.904977376
Hunter Hoopes,Minnesota Twins,44.2,-0.2,-0.904977376
Logan VanWey,Houston Astros,44.2,-0.2,-0.904977376
Wander Guante,#N/A,66.2,-0.3,-0.906344411
Jacob Wallace,Atlanta Braves,44.1,-0.2,-0.907029478
Kaleb Ort,Los Angeles Angels,44.1,-0.2,-0.907029478
Andrew Walling,Philadelphia Phillies,44.1,-0.2,-0.907029478
Juan Burgos,Arizona Diamondbacks,44.1,-0.2,-0.907029478
Tommy Romero,#N/A,66.1,-0.3,-0.907715582
Justin Garza,New York Mets,43.1,-0.2,-0.928074246
Evan Kravetz,#N/A,43,-0.2,-0.930232558
Brandon Hughes,#N/A,43,-0.2,-0.930232558
Guillo Zuñiga,#N/A,43,-0.2,-0.930232558
Jesús Broca,Milwaukee Brewers,64.1,-0.3,-0.936037441
Trey McGough,#N/A,42.2,-0.2,-0.947867299
Ryan Bourassa,Atlanta Braves,42.2,-0.2,-0.947867299
Kaleb Bowman,Milwaukee Brewers,42.2,-0.2,-0.947867299
Kelvin Cáceres,Los Angeles Angels,42.1,-0.2,-0.950118765
Ryan Cardona,#N/A,84.2,-0.4,-0.950118765
Jack Neely,Chicago Cubs,42,-0.2,-0.952380952
Tyler Cleveland,Seattle Mariners,62.1,-0.3,-0.966183575
Chazz Martinez,Kansas City Royals,62,-0.3,-0.967741935
Casey Kelly,Arizona Diamondbacks,103.1,-0.5,-0.969932105
Woo-Suk Go,Detroit Tigers,41.1,-0.2,-0.97323601
Nolan Clenney,#N/A,41,-0.2,-0.975609756
Mason Hickman,#N/A,41,-0.2,-0.975609756
Dylan Phillips,Los Angeles Angels,60.2,-0.3,-0.996677741
Jackson Lancaster,Tampa Bay Rays,40.1,-0.2,-0.997506234
Alexander Alberto,Tampa Bay Rays,40,-0.2,-1
Justin Anderson,#N/A,40,-0.2,-1
Nicholas Padilla,#N/A,40,-0.2,-1
Yorlin Calderon,#N/A,59.2,-0.3,-1.013513514
Travis MacGregor,New York Yankees,59.1,-0.3,-1.015228426
Ryan Hendrix,#N/A,39.2,-0.2,-1.020408163
Leonardo Pestana,#N/A,39.1,-0.2,-1.023017903
Jackson Kelley,Chicago Cubs,39.1,-0.2,-1.023017903
Nick Nastrini,#N/A,78.2,-0.4,-1.023017903
Tommy Mace,Cleveland Guardians,97,-0.5,-1.030927835
Ryan Shreve,#N/A,58.1,-0.3,-1.032702238
Jarod Bayless,Pittsburgh Pirates,58.1,-0.3,-1.032702238
Alan Busenitz,#N/A,38.1,-0.2,-1.049868766
Ryder Ryan,Los Angeles Dodgers,57.1,-0.3,-1.050788091
Gabriel Jackson,#N/A,57.1,-0.3,-1.050788091
Reggie Crawford,San Francisco Giants,19,-0.1,-1.052631579
Gerson Moreno,St. Louis Cardinals,38,-0.2,-1.052631579
Florencio Serrano,#N/A,38,-0.2,-1.052631579
Kevin Gowdy,New York Mets,38,-0.2,-1.052631579
Kyle Nelson,#N/A,38,-0.2,-1.052631579
Jack Sinclair,Washington Nationals,56.2,-0.3,-1.067615658
Sean Harney,Arizona Diamondbacks,37.2,-0.2,-1.075268817
Samy Natera Jr.,Los Angeles Angels,55.2,-0.3,-1.086956522
Ben Sears,Kansas City Royals,55.2,-0.3,-1.086956522
Hayden Merda,New York Yankees,55.1,-0.3,-1.08892922
Mark Manfredi Sr.,Milwaukee Brewers,55.1,-0.3,-1.08892922
Janser Lara,Texas Rangers,18.1,-0.1,-1.104972376
Alaska Abney,Cleveland Guardians,36.2,-0.2,-1.104972376
Lucas Wepf,Los Angeles Dodgers,36.1,-0.2,-1.108033241
Jeisson Cabrera,Baltimore Orioles,36.1,-0.2,-1.108033241
Thomas Schultz,Washington Nationals,54,-0.3,-1.111111111
Jordany Ventura,#N/A,54,-0.3,-1.111111111
Jason Ruffcorn,Seattle Mariners,54,-0.3,-1.111111111
Easton Sikorski,Cincinnati Reds,53.2,-0.3,-1.127819549
Braxton Roxby,San Francisco Giants,53.1,-0.3,-1.129943503
Parker Dunshee,#N/A,53.1,-0.3,-1.129943503
Caden Monke,Kansas City Royals,53,-0.3,-1.132075472
Jack Snyder,#N/A,35.2,-0.2,-1.136363636
Jimmy Burnette,Toronto Blue Jays,35.2,-0.2,-1.136363636
Alec Barger,#N/A,35.1,-0.2,-1.13960114
Andrew Bechtold,Philadelphia Phillies,35.1,-0.2,-1.13960114
Tyler Jay,Milwaukee Brewers,35.1,-0.2,-1.13960114
Christopher Troye,#N/A,35,-0.2,-1.142857143
Chris Wright,#N/A,35,-0.2,-1.142857143
Fineas Del Bonta-Smith,#N/A,35,-0.2,-1.142857143
Steven Pérez,Cleveland Guardians,52.2,-0.3,-1.149425287
Gunner Mayer,Seattle Mariners,52.2,-0.3,-1.149425287
Collin Baumgartner,Colorado Rockies,52.1,-0.3,-1.151631478
Génesis Cabrera,Philadelphia Phillies,52.1,-0.3,-1.151631478
Logan Whitaker,Miami Marlins,34.2,-0.2,-1.169590643
Jesse Hahn,Toronto Blue Jays,34.1,-0.2,-1.173020528
Hunter Parsons,#N/A,34.1,-0.2,-1.173020528
Manuel Mercedes,San Francisco Giants,85.1,-0.5,-1.175088132
Luis Pacheco,#N/A,34,-0.2,-1.176470588
Connor Staine,Colorado Rockies,84,-0.5,-1.19047619
Wyatt Olds,Boston Red Sox,67.1,-0.4,-1.192250373
Joshua Cornielly,New York Mets,50.2,-0.3,-1.195219124
Luis Angel Rodriguez,#N/A,50,-0.3,-1.2
Zack Weiss,#N/A,50,-0.3,-1.2
Jeff Brigham,Chicago Cubs,33.1,-0.2,-1.208459215
Carter Loewen,#N/A,33,-0.2,-1.212121212
Will Bednar,San Francisco Giants,49.2,-0.3,-1.219512195
Geison Urbaez,Toronto Blue Jays,49.2,-0.3,-1.219512195
Joey Krehbiel,#N/A,49.1,-0.3,-1.221995927
Travis Kuhn,Toronto Blue Jays,49,-0.3,-1.224489796
Jordan Weems,Los Angeles Dodgers,48.2,-0.3,-1.244813278
Rodolfo Martinez,#N/A,32,-0.2,-1.25
Jose Adames,#N/A,32,-0.2,-1.25
Aidan Anderson,Texas Rangers,47.2,-0.3,-1.271186441
Stefan Raeth,Seattle Mariners,47.2,-0.3,-1.271186441
Juan Nuñez,Baltimore Orioles,47.1,-0.3,-1.27388535
A.J. Puckett,#N/A,47,-0.3,-1.276595745
Evan Justice,Colorado Rockies,31.2,-0.2,-1.282051282
J.P. Feyereisen,Los Angeles Dodgers,31.1,-0.2,-1.286173633
Stiven Cruz,Milwaukee Brewers,62.2,-0.4,-1.286173633
Michael Flynn,San Diego Padres,31,-0.2,-1.290322581
Daniel Harper,Philadelphia Phillies,31,-0.2,-1.290322581
Andrew Moore,San Diego Padres,46.1,-0.3,-1.301518438
Preston Johnson,#N/A,46,-0.3,-1.304347826
Zach Jacobs,Cleveland Guardians,61,-0.4,-1.31147541
Yovanny Cruz,New York Yankees,45.2,-0.3,-1.327433628
Lenny Torres Jr.,Philadelphia Phillies,45.2,-0.3,-1.327433628
Justin King,Miami Marlins,30.1,-0.2,-1.328903654
Thomas Farr,Cincinnati Reds,75.2,-0.5,-1.329787234
Antonio Menendez,Arizona Diamondbacks,45.1,-0.3,-1.33037694
Donovan Benoit,#N/A,45.1,-0.3,-1.33037694
Gerald Ogando,Baltimore Orioles,45,-0.3,-1.333333333
Ivan Armstrong,#N/A,45,-0.3,-1.333333333
Harold Chirino,#N/A,45,-0.3,-1.333333333
Jaden Woods,Pittsburgh Pirates,59.2,-0.4,-1.351351351
Brandon Johnson,Kansas City Royals,59.1,-0.4,-1.353637902
Jacob Meador,#N/A,59,-0.4,-1.355932203
Antonio Knowles,Los Angeles Dodgers,44.2,-0.3,-1.357466063
Zane Russell,Arizona Diamondbacks,44.2,-0.3,-1.357466063
Randel Clemente,St. Louis Cardinals,44.2,-0.3,-1.357466063
Shohei Tomioka,Arizona Diamondbacks,44.1,-0.3,-1.360544218
Frankie Scalzo Jr.,Chicago Cubs,44.1,-0.3,-1.360544218
Zane Morehouse,Cleveland Guardians,44.1,-0.3,-1.360544218
Gustavo Rodriguez,Arizona Diamondbacks,44.1,-0.3,-1.360544218
Burch Smith,Detroit Tigers,29.1,-0.2,-1.374570447
Logan Clayton,#N/A,58.2,-0.4,-1.374570447
Joel Cesar,#N/A,29,-0.2,-1.379310345
Jayvien Sandridge,Baltimore Orioles,43.2,-0.3,-1.388888889
Carlos Torres,Colorado Rockies,43.2,-0.3,-1.388888889
Mason Vinyard,#N/A,43.1,-0.3,-1.392111369
Brendan Cellucci,Toronto Blue Jays,43.1,-0.3,-1.392111369
Tyler LaPorte,Atlanta Braves,43.1,-0.3,-1.392111369
Robert Kwiatkowski,#N/A,43.1,-0.3,-1.392111369
Sam Weatherly,Colorado Rockies,43.1,-0.3,-1.392111369
Dan Altavilla,Minnesota Twins,43.1,-0.3,-1.392111369
J.C. Flowers,#N/A,43.1,-0.3,-1.392111369
LJ McDonough,Atlanta Braves,43,-0.3,-1.395348837
William Kempner,Miami Marlins,56.2,-0.4,-1.423487544
Adonis Medina,#N/A,56.2,-0.4,-1.423487544
Hunter Strickland,Los Angeles Angels,42.1,-0.3,-1.425178147
Indigo Diaz,Arizona Diamondbacks,42.1,-0.3,-1.425178147
Ryan Anderson,#N/A,42,-0.3,-1.428571429
Marquis Grissom Jr.,Washington Nationals,42,-0.3,-1.428571429
Alonzo Richardson,#N/A,69.2,-0.5,-1.445086705
Davison Palermo,Colorado Rockies,55.2,-0.4,-1.449275362
Chase Plymell,Chicago Cubs,55,-0.4,-1.454545455
Ryan Harbin,Pittsburgh Pirates,54.1,-0.4,-1.478743068
Michael Watson,St. Louis Cardinals,54.1,-0.4,-1.478743068
John McMillon,Philadelphia Phillies,40,-0.3,-1.5
Taylor Floyd,Cincinnati Reds,53.2,-0.4,-1.503759398
Luis Peralta,Colorado Rockies,53.1,-0.4,-1.506591337
Beck Way,Kansas City Royals,66.2,-0.5,-1.510574018
Victor González,#N/A,39.2,-0.3,-1.530612245
Garvin Alston,#N/A,39.2,-0.3,-1.530612245
Sean Reynolds,#N/A,52.2,-0.4,-1.53256705
Hunter Parks,Cincinnati Reds,52.2,-0.4,-1.53256705
Michael Martinez,#N/A,39,-0.3,-1.538461538
Mark McLaughlin,Chicago Cubs,52,-0.4,-1.538461538
Jarold Rosado,Chicago Cubs,38.2,-0.3,-1.570680628
Jack Hartman,Tampa Bay Rays,38.2,-0.3,-1.570680628
Tyler Baum,Washington Nationals,38,-0.3,-1.578947368
Jose Cuas,Kansas City Royals,38,-0.3,-1.578947368
Luis Guerrero,Tampa Bay Rays,50,-0.4,-1.6
Luke Young,Washington Nationals,62.2,-0.5,-1.607717042
Ben Harris,#N/A,37.1,-0.3,-1.617250674
Tyler Guilfoil,#N/A,74.1,-0.6,-1.619433198
Grayson Thurman,#N/A,37,-0.3,-1.621621622
Jack Jasiak,Cleveland Guardians,61.2,-0.5,-1.633986928
Lucas Gilbreath,Colorado Rockies,36.2,-0.3,-1.657458564
Dylan Heid,#N/A,36,-0.3,-1.666666667
Gabe Bierman,Miami Marlins,60,-0.5,-1.666666667
Colton Johnson,#N/A,47,-0.4,-1.70212766
Daniel Juarez,#N/A,35.2,-0.3,-1.704545455
Eric Adler,Chicago Cubs,35.2,-0.3,-1.704545455
Alejandro Torres,Houston Astros,35.1,-0.3,-1.709401709
Michael Hobbs,Seattle Mariners,46.1,-0.4,-1.735357918
Hayden Durke,Arizona Diamondbacks,46.1,-0.4,-1.735357918
Bryce McGowan,Colorado Rockies,46.1,-0.4,-1.735357918
Chance Huff,Washington Nationals,57.1,-0.5,-1.751313485
Hunter Hayes,St. Louis Cardinals,57,-0.5,-1.754385965
Chase Costello,Milwaukee Brewers,34,-0.3,-1.764705882
Kelvin Ramirez,Los Angeles Dodgers,45.2,-0.4,-1.769911504
Brooks Crawford,#N/A,45.2,-0.4,-1.769911504
Caleb Freeman,Toronto Blue Jays,45.1,-0.4,-1.77383592
Mitchell Tyranski,#N/A,45.1,-0.4,-1.77383592
Nicholas Regalado,#N/A,45.1,-0.4,-1.77383592
Anderson Bido,#N/A,55.2,-0.5,-1.811594203
Clay Helvey,#N/A,44.1,-0.4,-1.814058957
Michael Gomez,#N/A,44.1,-0.4,-1.814058957
Andrew Dalquist,San Diego Padres,55.1,-0.5,-1.814882033
Sam Whiting,#N/A,55,-0.5,-1.818181818
Adam Tulloch,Cleveland Guardians,55,-0.5,-1.818181818
Christian Suarez,Los Angeles Dodgers,54.1,-0.5,-1.848428835
Tanner Dodson,#N/A,43.2,-0.4,-1.851851852
Kevin Kopps,#N/A,54,-0.5,-1.851851852
Alex Speas,#N/A,32.1,-0.3,-1.869158879
Austin Davis,#N/A,32,-0.3,-1.875
Cayne Ueckert,#N/A,32,-0.3,-1.875
Cole Ayers,#N/A,42.2,-0.4,-1.895734597
Christian Chamberlain,Kansas City Royals,42.2,-0.4,-1.895734597
Yaqui Rivera,Baltimore Orioles,42.1,-0.4,-1.90023753
Ryan Middendorf,#N/A,42.1,-0.4,-1.90023753
Tyler Vogel,San Francisco Giants,52.1,-0.5,-1.919385797
Austin Amaral,Washington Nationals,52.1,-0.5,-1.919385797
Tanner Kiest,#N/A,31.2,-0.3,-1.923076923
Elison Joseph,Atlanta Braves,41.2,-0.4,-1.941747573
Zac Leigh,Chicago Cubs,41.2,-0.4,-1.941747573
Jose Geraldo,Seattle Mariners,41,-0.4,-1.951219512
Tyler Myrick,#N/A,51,-0.5,-1.960784314
Erick Mejia,Washington Nationals,40.1,-0.4,-1.995012469
Andrew Marrero,#N/A,40.1,-0.4,-1.995012469
Keyshawn Askew,Tampa Bay Rays,50.1,-0.5,-1.996007984
Jacob Wosinski,Minnesota Twins,50.1,-0.5,-1.996007984
Ethan Routzahn,San Diego Padres,49.1,-0.5,-2.036659878
Jake Rice,#N/A,49,-0.5,-2.040816327
Brett de Geus,#N/A,39,-0.4,-2.051282051
Miguel Gomez,#N/A,29.2,-0.3,-2.054794521
Ryan Sublette,Los Angeles Dodgers,48.1,-0.5,-2.079002079
Landon Tomkins,Pittsburgh Pirates,48,-0.5,-2.083333333
Conor Larkin,Toronto Blue Jays,38.2,-0.4,-2.094240838
Zach Bryant,Texas Rangers,38.2,-0.4,-2.094240838
Cole Hillier,San Francisco Giants,57.2,-0.6,-2.097902098
Nate Webb,#N/A,38,-0.4,-2.105263158
Landon Sims,Arizona Diamondbacks,47.2,-0.5,-2.118644068
Nick Richmond,#N/A,28.1,-0.3,-2.135231317
Railin Perez,Houston Astros,56.2,-0.6,-2.135231317
Dylan Hecht,San Francisco Giants,37,-0.4,-2.162162162
Luarbert Arias,#N/A,46.2,-0.5,-2.164502165
Evan Taylor,Chicago Cubs,46.1,-0.5,-2.169197397
Arij Fransen,#N/A,55,-0.6,-2.181818182
Justin Kelly,#N/A,36.2,-0.4,-2.209944751
Holden Powell,Washington Nationals,45.2,-0.5,-2.212389381
Gerardo Gutierrez,#N/A,36.1,-0.4,-2.216066482
Austin Smith,Colorado Rockies,36.1,-0.4,-2.216066482
Shay Schanaman,Atlanta Braves,36,-0.4,-2.222222222
Jonny Cuevas,Tampa Bay Rays,53,-0.6,-2.264150943
Dylan Coleman,New York Yankees,35.2,-0.4,-2.272727273
Conor Grammes,#N/A,35.1,-0.4,-2.279202279
Helcris Olivárez,Kansas City Royals,35.1,-0.4,-2.279202279
Angel Perdomo,Los Angeles Angels,26.2,-0.3,-2.290076336
Tyler Bradt,St. Louis Cardinals,52.1,-0.6,-2.303262956
Alfred Morillo,Arizona Diamondbacks,51.2,-0.6,-2.34375
Jonathan Hughes,#N/A,34.1,-0.4,-2.346041056
Tyler Thornton,#N/A,34.1,-0.4,-2.346041056
Todd Peterson,#N/A,34,-0.4,-2.352941176
Ian Villers,#N/A,50.1,-0.6,-2.395209581
Jordan Holloway,Los Angeles Angels,25,-0.3,-2.4
Bryan Shaw,#N/A,33.2,-0.4,-2.409638554
Johnathan Lavallee,Cincinnati Reds,33.1,-0.4,-2.416918429
Gil Luna,#N/A,33.1,-0.4,-2.416918429
Kyle Bischoff,Minnesota Twins,40.2,-0.5,-2.487562189
Dan Hammer,New York Mets,40.1,-0.5,-2.493765586
Carson Rudd,#N/A,48.1,-0.6,-2.494802495
Eli Saul,#N/A,56,-0.7,-2.5
Carlos Romero,#N/A,47.2,-0.6,-2.542372881
Sam Thoresen,#N/A,23.2,-0.3,-2.586206897
Jesus Cruz,#N/A,23.1,-0.3,-2.597402597
Leonardo Taveras,#N/A,46.2,-0.6,-2.597402597
Nate Savino,Arizona Diamondbacks,61,-0.8,-2.62295082
Nathanael Heredia,#N/A,38.1,-0.5,-2.624671916
Shawn Rapp,#N/A,30,-0.4,-2.666666667
Jhosmer Alvarez,#N/A,37.2,-0.5,-2.688172043
Pedro Santos,#N/A,37,-0.5,-2.702702703
Samuel Vásquez,Miami Marlins,44.2,-0.6,-2.714932127
Kelvin Bautista,#N/A,44.1,-0.6,-2.721088435
Ricky DeVito,#N/A,36,-0.5,-2.777777778
Jorge Juan,Boston Red Sox,36,-0.5,-2.777777778
Andrew Schultz,#N/A,28,-0.4,-2.857142857
Lucas Sims,Chicago Cubs,42,-0.6,-2.857142857
Edwin Núñez,St. Louis Cardinals,52,-0.8,-3.076923077
Roman Phansalkar,#N/A,38.1,-0.6,-3.149606299
Jaydenn Estanista,Philadelphia Phillies,38.1,-0.6,-3.149606299
Zach Barnes,#N/A,37.1,-0.6,-3.234501348
Endrys Briceno,#N/A,37,-0.6,-3.243243243
Jorge Benitez,#N/A,42.1,-0.7,-3.325415677
Matt Merrill,#N/A,29,-0.5,-3.448275862
Jake Smith,Miami Marlins,46,-0.8,-3.47826087
Livan Reinoso,Miami Marlins,45.2,-0.8,-3.539823009
Natanael Garabitos,#N/A,34.1,-0.7,-4.105571848
Marlin Willis,#N/A,30.2,-0.7,-4.635761589
Koyo Aoyagi,#N/A,27.1,-0.8,-5.904059041
